tenure,InternetService,OnlineSecurity,TechSupport,Contract,MonthlyCharges,Churn
1,DSL,No,No,Month-to-month,29.85,No
34,DSL,Yes,No,One year,56.95,No
2,DSL,Yes,No,Month-to-month,53.85,Yes
45,DSL,Yes,Yes,One year,42.3,No
2,Fiber optic,No,No,Month-to-month,70.7,Yes
8,Fiber optic,No,No,Month-to-month,99.65,Yes
22,Fiber optic,No,No,Month-to-month,89.1,No
10,DSL,Yes,No,Month-to-month,29.75,No
28,Fiber optic,No,Yes,Month-to-month,104.8,Yes
62,DSL,Yes,No,One year,56.15,No
13,DSL,Yes,No,Month-to-month,49.95,No
16,No,No internet service,No internet service,Two year,18.95,No
58,Fiber optic,No,No,One year,100.35,No
49,Fiber optic,No,No,Month-to-month,103.7,Yes
25,Fiber optic,Yes,Yes,Month-to-month,105.5,No
69,Fiber optic,Yes,Yes,Two year,113.25,No
52,No,No internet service,No internet service,One year,20.65,No
71,Fiber optic,Yes,No,Two year,106.7,No
10,DSL,No,Yes,Month-to-month,55.2,Yes
21,Fiber optic,No,No,Month-to-month,90.05,No
1,DSL,No,No,Month-to-month,39.65,Yes
12,No,No internet service,No internet service,One year,19.8,No
1,No,No internet service,No internet service,Month-to-month,20.15,Yes
58,DSL,No,Yes,Two year,59.9,No
49,DSL,Yes,Yes,Month-to-month,59.6,No
30,DSL,Yes,No,Month-to-month,55.3,No
47,Fiber optic,No,No,Month-to-month,99.35,Yes
1,DSL,No,No,Month-to-month,30.2,Yes
72,DSL,Yes,Yes,Two year,90.25,No
17,DSL,No,No,Month-to-month,64.7,Yes
71,Fiber optic,Yes,Yes,Two year,96.35,No
2,Fiber optic,No,No,Month-to-month,95.5,No
27,DSL,Yes,Yes,One year,66.15,No
1,No,No internet service,No internet service,Month-to-month,20.2,No
1,DSL,No,No,Month-to-month,45.25,No
72,Fiber optic,Yes,Yes,Two year,99.9,No
5,Fiber optic,No,No,Month-to-month,69.7,Yes
46,Fiber optic,No,No,Month-to-month,74.8,No
34,Fiber optic,No,No,Month-to-month,106.35,Yes
11,Fiber optic,No,No,Month-to-month,97.85,Yes
10,DSL,No,No,One year,49.55,No
70,DSL,Yes,No,Two year,69.2,No
17,No,No internet service,No internet service,One year,20.75,No
63,DSL,Yes,Yes,Two year,79.85,No
13,DSL,Yes,Yes,Month-to-month,76.2,No
49,Fiber optic,No,No,Month-to-month,84.5,No
2,DSL,No,No,Month-to-month,49.25,No
2,Fiber optic,No,No,Month-to-month,80.65,Yes
52,DSL,Yes,Yes,Two year,79.75,No
69,DSL,Yes,Yes,Two year,64.15,No
43,Fiber optic,No,No,Month-to-month,90.25,No
15,Fiber optic,Yes,No,Month-to-month,99.1,Yes
25,DSL,Yes,Yes,Month-to-month,69.5,No
8,Fiber optic,No,No,Month-to-month,80.65,Yes
60,DSL,Yes,Yes,One year,74.85,No
18,Fiber optic,No,No,Month-to-month,95.45,Yes
63,Fiber optic,Yes,No,One year,99.65,No
66,Fiber optic,No,Yes,One year,108.45,No
34,No,No internet service,No internet service,Two year,24.95,No
72,Fiber optic,No,Yes,Two year,107.5,No
47,Fiber optic,No,No,Month-to-month,100.5,No
60,Fiber optic,No,No,Month-to-month,89.9,No
72,DSL,Yes,No,Two year,42.1,No
18,DSL,No,Yes,One year,54.4,No
9,Fiber optic,No,No,Month-to-month,94.4,Yes
3,DSL,No,Yes,Month-to-month,75.3,No
47,Fiber optic,No,No,One year,78.9,No
31,DSL,No,Yes,Two year,79.2,No
50,No,No internet service,No internet service,Two year,20.15,No
10,Fiber optic,Yes,No,Month-to-month,79.85,No
1,DSL,No,Yes,Month-to-month,49.05,No
52,No,No internet service,No internet service,One year,20.4,No
64,Fiber optic,Yes,Yes,Two year,111.6,No
62,No,No internet service,No internet service,Two year,24.25,No
3,DSL,Yes,Yes,Month-to-month,64.5,No
56,Fiber optic,Yes,No,One year,110.5,No
46,DSL,No,No,One year,55.65,No
8,DSL,Yes,No,Month-to-month,54.65,No
30,DSL,Yes,No,Month-to-month,74.75,No
45,No,No internet service,No internet service,One year,25.9,No
1,Fiber optic,No,No,Month-to-month,79.35,Yes
11,DSL,Yes,No,Month-to-month,50.55,No
7,Fiber optic,No,No,Month-to-month,75.15,Yes
42,Fiber optic,No,Yes,Month-to-month,103.8,No
49,No,No internet service,No internet service,Two year,20.15,No
9,Fiber optic,No,No,Month-to-month,99.3,No
35,DSL,Yes,No,One year,62.15,No
48,No,No internet service,No internet service,Two year,20.65,No
46,No,No internet service,No internet service,Two year,19.95,No
29,DSL,No,No,Month-to-month,33.75,No
30,Fiber optic,No,No,Month-to-month,82.05,No
1,Fiber optic,No,Yes,Month-to-month,74.7,No
66,DSL,Yes,Yes,Two year,84,No
65,Fiber optic,Yes,No,Month-to-month,111.05,No
72,Fiber optic,No,No,Two year,100.9,No
12,Fiber optic,Yes,No,Month-to-month,78.95,Yes
71,DSL,Yes,Yes,One year,66.85,No
5,No,No internet service,No internet service,Month-to-month,21.05,Yes
52,No,No internet service,No internet service,Two year,21,No
25,Fiber optic,No,No,Month-to-month,98.5,Yes
1,No,No internet service,No internet service,Month-to-month,20.2,No
1,No,No internet service,No internet service,Month-to-month,19.45,No
38,Fiber optic,No,Yes,One year,95,No
66,DSL,No,No,One year,45.55,No
68,Fiber optic,No,Yes,Two year,110,Yes
5,DSL,No,No,Month-to-month,24.3,No
72,Fiber optic,Yes,No,One year,104.15,No
32,DSL,Yes,No,One year,30.15,No
43,Fiber optic,No,No,One year,94.35,No
72,No,No internet service,No internet service,Two year,19.4,No
55,Fiber optic,Yes,No,Month-to-month,96.75,Yes
52,DSL,Yes,Yes,One year,57.95,No
43,Fiber optic,No,No,Month-to-month,91.65,No
37,Fiber optic,No,No,Month-to-month,76.5,Yes
64,DSL,No,Yes,Two year,54.6,No
3,Fiber optic,Yes,No,Month-to-month,89.85,No
36,DSL,Yes,No,Two year,31.05,No
10,Fiber optic,Yes,No,Month-to-month,100.25,Yes
41,No,No internet service,No internet service,Two year,20.65,No
27,Fiber optic,No,Yes,Month-to-month,85.2,No
56,Fiber optic,No,No,One year,99.8,No
6,No,No internet service,No internet service,Month-to-month,20.7,No
3,Fiber optic,No,No,Month-to-month,74.4,Yes
7,DSL,Yes,No,Month-to-month,50.7,No
4,No,No internet service,No internet service,Month-to-month,20.85,No
33,Fiber optic,Yes,Yes,Two year,88.95,No
27,Fiber optic,No,No,Month-to-month,78.05,Yes
72,No,No internet service,No internet service,Two year,23.55,No
1,No,No internet service,No internet service,Month-to-month,19.75,No
71,DSL,Yes,No,One year,56.45,No
13,Fiber optic,No,No,Month-to-month,85.95,No
25,DSL,Yes,No,Month-to-month,58.6,Yes
67,DSL,No,Yes,Two year,50.55,No
1,DSL,No,No,Month-to-month,35.45,Yes
2,DSL,No,No,Month-to-month,44.35,Yes
43,No,No internet service,No internet service,Two year,25.7,No
23,Fiber optic,Yes,No,Month-to-month,75,No
64,No,No internet service,No internet service,Two year,20.2,No
57,No,No internet service,No internet service,Two year,19.6,No
1,Fiber optic,No,No,Month-to-month,70.45,Yes
72,DSL,Yes,Yes,Two year,88.05,No
8,DSL,Yes,Yes,Month-to-month,71.15,Yes
61,Fiber optic,No,No,Two year,101.05,No
64,Fiber optic,Yes,No,One year,84.3,No
71,No,No internet service,No internet service,Two year,23.95,No
65,Fiber optic,Yes,Yes,Two year,99.05,No
3,No,No internet service,No internet service,One year,19.6,No
1,DSL,No,No,Month-to-month,45.65,Yes
30,DSL,No,No,One year,64.5,No
15,DSL,No,Yes,Month-to-month,69.5,No
8,DSL,No,Yes,Month-to-month,68.55,No
7,Fiber optic,No,No,Month-to-month,95,Yes
70,Fiber optic,Yes,No,One year,108.15,No
62,DSL,Yes,Yes,Two year,86.1,No
6,No,No internet service,No internet service,Month-to-month,19.7,No
14,Fiber optic,No,No,Month-to-month,80.9,No
22,Fiber optic,No,No,Month-to-month,84.15,No
22,No,No internet service,No internet service,One year,20.15,No
16,DSL,Yes,No,Two year,64.25,No
10,No,No internet service,No internet service,Two year,25.7,No
13,DSL,Yes,No,Month-to-month,56,No
20,Fiber optic,Yes,No,Month-to-month,82.4,Yes
2,Fiber optic,No,No,Month-to-month,69.7,No
53,DSL,No,Yes,Two year,73.9,No
11,No,No internet service,No internet service,One year,20.6,No
69,No,No internet service,No internet service,Two year,19.9,No
4,Fiber optic,No,No,Month-to-month,70.9,Yes
72,DSL,Yes,Yes,Two year,89.05,No
58,DSL,No,No,Month-to-month,45.3,Yes
16,No,No internet service,No internet service,Month-to-month,20.4,No
43,Fiber optic,Yes,Yes,One year,84.25,No
2,Fiber optic,No,Yes,Month-to-month,104.4,Yes
14,DSL,No,Yes,Two year,81.95,No
53,Fiber optic,No,No,One year,94.85,Yes
32,No,No internet service,No internet service,One year,20.55,No
34,No,No internet service,No internet service,Month-to-month,24.7,No
15,Fiber optic,No,No,Month-to-month,74.45,Yes
7,Fiber optic,Yes,No,Month-to-month,76.45,Yes
15,Fiber optic,No,No,Month-to-month,105.35,No
61,No,No internet service,No internet service,One year,20.55,No
1,DSL,No,No,Month-to-month,29.95,Yes
1,DSL,No,No,Month-to-month,45.3,No
8,Fiber optic,No,No,Month-to-month,84.5,Yes
33,DSL,Yes,No,One year,74.75,No
13,Fiber optic,No,No,Month-to-month,79.25,Yes
1,DSL,No,No,Month-to-month,24.8,Yes
20,DSL,No,No,Month-to-month,51.8,No
3,DSL,No,Yes,Month-to-month,30.4,No
13,No,No internet service,No internet service,One year,19.65,No
40,DSL,No,No,Month-to-month,56.6,No
43,DSL,Yes,Yes,One year,71.9,No
6,Fiber optic,No,No,Month-to-month,91,Yes
69,No,No internet service,No internet service,Two year,19.75,No
72,Fiber optic,Yes,No,Two year,109.7,No
59,No,No internet service,No internet service,Two year,19.3,No
20,Fiber optic,Yes,Yes,Month-to-month,96.55,No
24,No,No internet service,No internet service,Two year,24.1,No
59,Fiber optic,No,Yes,Month-to-month,111.35,No
72,Fiber optic,No,Yes,Two year,112.25,No
1,No,No internet service,No internet service,Month-to-month,20.75,No
27,Fiber optic,Yes,Yes,One year,101.9,No
14,Fiber optic,No,Yes,Month-to-month,80.05,No
71,Fiber optic,Yes,No,Two year,105.55,No
13,Fiber optic,No,No,Month-to-month,78.3,No
44,Fiber optic,No,No,Month-to-month,68.85,No
33,Fiber optic,No,Yes,One year,79.95,No
72,DSL,Yes,Yes,Two year,55.45,No
1,Fiber optic,No,No,Month-to-month,79.9,Yes
19,Fiber optic,Yes,Yes,Month-to-month,106.6,Yes
64,Fiber optic,No,Yes,One year,102.45,No
2,DSL,No,No,Month-to-month,46,Yes
1,DSL,No,No,Month-to-month,25.25,No
61,No,No internet service,No internet service,Two year,19.75,No
29,No,No internet service,No internet service,One year,20,No
23,Fiber optic,No,No,Month-to-month,86.8,No
57,DSL,Yes,No,Month-to-month,58.75,No
72,DSL,Yes,Yes,Two year,45.25,No
66,DSL,Yes,Yes,Two year,56.6,No
65,DSL,No,Yes,Two year,84.2,No
8,Fiber optic,No,No,Month-to-month,80,No
4,Fiber optic,No,No,Month-to-month,70.15,Yes
71,No,No internet service,No internet service,Two year,24.75,No
1,No,No internet service,No internet service,One year,20.2,No
4,DSL,No,Yes,Month-to-month,50.05,Yes
12,No,No internet service,No internet service,One year,19.35,No
24,DSL,Yes,No,One year,50.6,No
31,DSL,Yes,Yes,One year,81.15,No
1,DSL,No,No,Month-to-month,55.2,Yes
30,Fiber optic,No,Yes,Month-to-month,89.9,No
47,DSL,Yes,Yes,Two year,85.3,No
54,Fiber optic,Yes,Yes,Two year,108,No
50,Fiber optic,Yes,Yes,Month-to-month,93.5,No
1,Fiber optic,Yes,No,Month-to-month,84.6,Yes
72,No,No internet service,No internet service,Two year,20.25,No
29,No,No internet service,No internet service,Month-to-month,25.15,No
2,DSL,No,No,Month-to-month,54.4,Yes
10,DSL,No,Yes,Two year,29.6,No
18,Fiber optic,No,No,Month-to-month,73.15,No
11,Fiber optic,No,No,Month-to-month,95,Yes
16,No,No internet service,No internet service,Two year,19.75,No
72,DSL,No,Yes,Two year,86.6,No
72,Fiber optic,No,Yes,Two year,109.2,No
41,DSL,Yes,Yes,One year,74.7,No
65,Fiber optic,Yes,No,Month-to-month,94.4,No
13,DSL,No,No,Month-to-month,54.8,No
4,Fiber optic,Yes,No,Month-to-month,75.35,No
41,DSL,No,No,One year,65,No
15,Fiber optic,No,No,Month-to-month,74.4,Yes
1,DSL,Yes,No,Month-to-month,48.55,Yes
42,Fiber optic,Yes,No,One year,99,No
51,Fiber optic,Yes,No,One year,93.5,No
2,Fiber optic,No,No,Month-to-month,70.4,Yes
1,DSL,No,No,Month-to-month,40.2,Yes
32,DSL,No,Yes,One year,83.7,No
10,No,No internet service,No internet service,Month-to-month,19.85,No
67,DSL,No,Yes,Two year,59.55,No
61,Fiber optic,Yes,Yes,Two year,115.1,No
50,Fiber optic,Yes,Yes,One year,114.35,No
2,DSL,No,No,Month-to-month,44.6,Yes
29,DSL,Yes,No,Month-to-month,45,No
3,DSL,No,No,Month-to-month,41.15,Yes
13,Fiber optic,No,No,Month-to-month,106.9,Yes
57,Fiber optic,No,No,Month-to-month,89.85,No
31,DSL,Yes,Yes,Two year,49.85,No
45,Fiber optic,Yes,Yes,One year,113.3,No
61,DSL,Yes,Yes,Two year,88.1,No
50,No,No internet service,No internet service,Two year,24.9,No
19,Fiber optic,Yes,Yes,Month-to-month,105,No
59,No,No internet service,No internet service,Two year,19.35,Yes
71,No,No internet service,No internet service,Two year,24.25,No
16,Fiber optic,No,Yes,Month-to-month,94.45,Yes
57,DSL,Yes,Yes,Two year,59.75,No
1,DSL,No,No,Month-to-month,24.8,Yes
20,Fiber optic,No,Yes,Month-to-month,107.05,No
1,Fiber optic,No,No,Month-to-month,70.6,Yes
5,Fiber optic,No,Yes,Month-to-month,85.4,Yes
52,Fiber optic,No,No,Month-to-month,105.05,Yes
21,DSL,Yes,No,Month-to-month,64.95,No
14,DSL,No,Yes,Month-to-month,55,No
5,DSL,No,No,Month-to-month,50.55,No
6,DSL,Yes,No,Month-to-month,55.15,No
10,DSL,No,No,Month-to-month,51.2,No
1,No,No internet service,No internet service,Month-to-month,25.4,No
68,DSL,Yes,No,Month-to-month,54.45,No
18,Fiber optic,No,No,Month-to-month,95.15,Yes
22,Fiber optic,No,No,One year,76,No
20,DSL,No,No,Month-to-month,44.35,No
1,Fiber optic,No,No,Month-to-month,70,Yes
8,Fiber optic,No,No,Month-to-month,74.5,Yes
10,DSL,No,No,Month-to-month,44.85,Yes
24,Fiber optic,No,No,Month-to-month,76.1,Yes
35,DSL,Yes,No,One year,61.2,No
23,Fiber optic,No,Yes,One year,86.8,No
6,Fiber optic,No,No,Month-to-month,89.35,No
12,No,No internet service,No internet service,Month-to-month,19.7,No
1,No,No internet service,No internet service,Month-to-month,20.25,No
71,Fiber optic,No,No,Two year,76.05,No
35,Fiber optic,No,No,Month-to-month,100.8,No
40,DSL,No,No,Month-to-month,74.55,No
1,Fiber optic,Yes,No,Month-to-month,73.6,Yes
23,DSL,No,No,One year,64.9,No
4,Fiber optic,No,No,Month-to-month,95.45,Yes
4,Fiber optic,No,Yes,Month-to-month,90.4,No
68,DSL,No,Yes,Two year,60.3,No
38,Fiber optic,No,No,Month-to-month,81.85,No
52,No,No internet service,No internet service,Two year,24.8,No
32,Fiber optic,No,No,Month-to-month,74.9,Yes
29,DSL,No,Yes,Two year,75.55,No
38,Fiber optic,No,No,Month-to-month,101.15,No
48,DSL,Yes,No,One year,78.75,No
1,No,No internet service,No internet service,Month-to-month,19.25,No
22,Fiber optic,Yes,Yes,Month-to-month,89.05,No
43,Fiber optic,Yes,Yes,Two year,115.05,No
5,Fiber optic,No,No,Month-to-month,69.35,No
5,Fiber optic,No,No,Month-to-month,80.6,Yes
51,Fiber optic,Yes,Yes,One year,110.05,No
71,No,No internet service,No internet service,Two year,19.9,No
38,DSL,Yes,Yes,One year,80.3,Yes
24,Fiber optic,No,No,Month-to-month,93.15,Yes
35,Fiber optic,No,Yes,Month-to-month,91.5,No
54,DSL,Yes,Yes,One year,82.45,Yes
72,DSL,No,Yes,Two year,60,No
1,DSL,No,No,Month-to-month,44.8,No
9,DSL,Yes,No,One year,48.6,No
69,DSL,Yes,Yes,Two year,60.05,No
52,Fiber optic,No,Yes,Month-to-month,102.7,No
11,Fiber optic,No,Yes,Month-to-month,82.9,No
2,Fiber optic,No,No,Month-to-month,70.35,Yes
28,DSL,No,No,Month-to-month,35.9,No
17,Fiber optic,No,No,Month-to-month,82.65,No
35,No,No internet service,No internet service,Two year,19.85,No
8,No,No internet service,No internet service,One year,19.2,No
46,Fiber optic,No,No,One year,94.9,No
7,Fiber optic,No,No,Month-to-month,73.85,Yes
2,Fiber optic,No,No,Month-to-month,80.6,Yes
68,DSL,No,Yes,One year,75.8,Yes
43,Fiber optic,No,No,Two year,104.6,Yes
68,DSL,Yes,Yes,Two year,88.15,No
36,Fiber optic,No,No,Month-to-month,94.8,No
63,Fiber optic,No,No,Month-to-month,103.4,Yes
32,DSL,No,Yes,Month-to-month,54.65,No
71,DSL,Yes,Yes,Two year,85.75,No
66,DSL,Yes,No,Month-to-month,67.45,No
63,No,No internet service,No internet service,One year,20.5,No
41,No,No internet service,No internet service,One year,20.25,No
1,Fiber optic,No,No,Month-to-month,72.1,No
2,Fiber optic,No,No,Month-to-month,90.4,Yes
70,No,No internet service,No internet service,Two year,19.45,No
23,DSL,No,No,Month-to-month,44.95,No
64,Fiber optic,Yes,No,One year,97,No
37,DSL,Yes,Yes,Two year,62.8,No
17,DSL,No,No,One year,44.6,No
7,Fiber optic,No,No,Month-to-month,89.15,No
4,Fiber optic,No,No,Month-to-month,84.8,Yes
21,DSL,Yes,No,Month-to-month,41.9,Yes
10,Fiber optic,No,No,Month-to-month,80.25,Yes
16,DSL,Yes,No,Month-to-month,54.1,No
64,Fiber optic,No,Yes,Two year,105.25,No
27,DSL,Yes,No,Month-to-month,30.75,Yes
42,Fiber optic,Yes,No,One year,97.1,No
5,No,No internet service,No internet service,Month-to-month,20.2,No
41,Fiber optic,No,Yes,Two year,98.8,No
58,DSL,No,No,One year,50.3,No
47,No,No internet service,No internet service,Two year,20.55,No
18,Fiber optic,No,Yes,Month-to-month,75.9,No
5,Fiber optic,No,No,Month-to-month,96.5,Yes
23,DSL,Yes,No,Month-to-month,59.95,No
1,No,No internet service,No internet service,Month-to-month,19.15,No
71,Fiber optic,No,No,One year,98.65,No
72,Fiber optic,Yes,Yes,Two year,112.6,No
33,No,No internet service,No internet service,One year,20.6,No
2,Fiber optic,No,No,Month-to-month,85.65,Yes
24,DSL,Yes,Yes,Two year,35.75,No
56,Fiber optic,No,Yes,One year,99.75,No
37,Fiber optic,No,No,Month-to-month,96.1,No
43,DSL,No,Yes,One year,85.1,No
1,DSL,No,No,Month-to-month,25.35,No
25,Fiber optic,No,Yes,Month-to-month,104.95,Yes
61,DSL,Yes,Yes,Two year,89.65,No
17,Fiber optic,No,Yes,One year,86.75,No
41,Fiber optic,No,Yes,One year,86.2,No
1,DSL,No,No,Month-to-month,50.65,Yes
72,DSL,Yes,Yes,Two year,64.8,No
1,Fiber optic,No,No,Month-to-month,90.85,Yes
48,Fiber optic,No,No,Two year,108.1,No
11,No,No internet service,No internet service,Month-to-month,19.95,Yes
55,Fiber optic,No,No,Month-to-month,85.45,Yes
42,DSL,Yes,Yes,One year,54.75,No
44,Fiber optic,No,No,Month-to-month,90.4,No
1,DSL,No,No,Month-to-month,44,No
27,Fiber optic,No,No,Month-to-month,95.6,No
27,DSL,No,Yes,Month-to-month,84.8,No
2,DSL,No,No,Month-to-month,44.3,No
19,No,No internet service,No internet service,Month-to-month,19.9,No
42,Fiber optic,No,No,Month-to-month,95.05,No
66,DSL,Yes,Yes,Two year,90.05,No
33,Fiber optic,Yes,Yes,Month-to-month,109.9,No
34,Fiber optic,No,No,Month-to-month,73.95,Yes
33,DSL,No,Yes,Month-to-month,54.6,No
23,No,No internet service,No internet service,One year,20.05,No
32,No,No internet service,No internet service,One year,19.75,No
11,No,No internet service,No internet service,One year,20.05,No
69,Fiber optic,No,No,Month-to-month,99.45,Yes
68,DSL,Yes,Yes,One year,55.9,No
20,No,No internet service,No internet service,Two year,19.7,No
72,No,No internet service,No internet service,Two year,19.8,No
60,Fiber optic,Yes,No,One year,95.4,No
32,Fiber optic,No,No,Month-to-month,93.95,No
1,No,No internet service,No internet service,Month-to-month,19.9,Yes
1,No,No internet service,No internet service,Month-to-month,19.6,Yes
3,Fiber optic,No,No,Month-to-month,81.35,Yes
46,No,No internet service,No internet service,One year,24.45,No
29,Fiber optic,No,No,Month-to-month,74.95,No
51,Fiber optic,No,Yes,Month-to-month,87.35,No
48,Fiber optic,No,No,Month-to-month,70.65,No
16,Fiber optic,No,No,Month-to-month,73.25,No
70,Fiber optic,No,Yes,Two year,98.7,No
40,No,No internet service,No internet service,Two year,24.8,No
22,Fiber optic,No,No,Month-to-month,83.3,Yes
1,Fiber optic,No,No,Month-to-month,75.3,Yes
5,No,No internet service,No internet service,Month-to-month,24.3,No
7,Fiber optic,No,No,Month-to-month,69.85,No
29,Fiber optic,No,Yes,One year,100.55,No
44,No,No internet service,No internet service,One year,25.7,No
10,DSL,Yes,No,Month-to-month,40.7,No
55,DSL,No,No,Month-to-month,51.65,No
52,Fiber optic,No,No,One year,105.1,No
10,Fiber optic,No,No,Month-to-month,85.95,No
18,Fiber optic,No,No,Month-to-month,75.6,No
68,DSL,Yes,Yes,One year,58.25,No
61,No,No internet service,No internet service,Month-to-month,19.4,Yes
72,DSL,Yes,Yes,Two year,65.2,No
2,DSL,Yes,No,Month-to-month,53.45,No
12,DSL,No,No,Month-to-month,45.4,Yes
41,No,No internet service,No internet service,Two year,19.75,No
26,DSL,No,Yes,Month-to-month,44.45,No
36,No,No internet service,No internet service,One year,20.85,No
72,Fiber optic,Yes,Yes,Two year,114.05,No
35,Fiber optic,No,Yes,Month-to-month,89.85,No
1,DSL,No,Yes,Month-to-month,55.05,No
16,Fiber optic,Yes,Yes,Month-to-month,112.95,No
49,Fiber optic,Yes,No,Month-to-month,101.55,No
54,Fiber optic,Yes,Yes,One year,114.65,No
18,DSL,Yes,No,Month-to-month,64.8,No
36,Fiber optic,No,No,Month-to-month,80.4,No
60,Fiber optic,No,No,Month-to-month,105.9,Yes
1,Fiber optic,No,No,Month-to-month,69.55,Yes
52,No,No internet service,No internet service,Two year,25.05,No
8,Fiber optic,No,No,Month-to-month,94.75,No
72,Fiber optic,Yes,Yes,Two year,105.5,No
64,No,No internet service,No internet service,One year,24.7,No
22,DSL,Yes,Yes,Month-to-month,69.75,No
60,DSL,No,Yes,Month-to-month,60.2,No
28,Fiber optic,No,No,Month-to-month,81.05,Yes
61,No,No internet service,No internet service,Two year,24.4,No
24,Fiber optic,No,No,Month-to-month,104.15,No
28,Fiber optic,No,Yes,One year,92.9,No
30,DSL,No,Yes,Two year,80.8,No
2,No,No internet service,No internet service,Month-to-month,20,No
1,Fiber optic,No,No,Month-to-month,75.1,No
6,No,No internet service,No internet service,Month-to-month,19.65,No
24,DSL,No,No,Month-to-month,69.45,No
4,Fiber optic,No,No,Month-to-month,101.15,Yes
7,Fiber optic,No,No,Month-to-month,99.8,Yes
72,Fiber optic,Yes,Yes,Two year,116.05,No
70,DSL,No,Yes,Two year,40.05,No
64,Fiber optic,No,Yes,Two year,102.1,No
72,Fiber optic,No,No,One year,89.7,No
44,No,No internet service,No internet service,Two year,19.9,No
13,DSL,No,No,Month-to-month,55.95,Yes
17,No,No internet service,No internet service,One year,20.65,No
1,DSL,No,No,Month-to-month,55,Yes
9,DSL,No,No,Month-to-month,70.05,No
24,DSL,Yes,Yes,Month-to-month,53.6,No
1,Fiber optic,No,No,Month-to-month,74.7,Yes
24,Fiber optic,No,No,Month-to-month,80.25,Yes
35,DSL,No,Yes,Month-to-month,76.05,No
7,DSL,Yes,Yes,Month-to-month,75.7,No
5,Fiber optic,No,Yes,Month-to-month,96.1,Yes
15,Fiber optic,No,No,Month-to-month,69,Yes
11,No,No internet service,No internet service,Two year,19.65,No
48,DSL,Yes,No,Month-to-month,45.3,Yes
20,Fiber optic,No,No,Month-to-month,81.45,No
72,Fiber optic,No,Yes,One year,108.5,No
8,Fiber optic,No,No,Month-to-month,83.55,Yes
72,Fiber optic,No,No,Two year,84.5,No
15,Fiber optic,No,No,Month-to-month,100.15,No
72,DSL,No,Yes,Two year,88.6,No
0,DSL,Yes,Yes,Two year,52.55,No
1,Fiber optic,No,No,Month-to-month,74.35,Yes
63,Fiber optic,No,No,Two year,104.8,No
2,DSL,No,No,Month-to-month,59,No
2,Fiber optic,Yes,No,Month-to-month,74.4,Yes
61,DSL,No,No,One year,64.05,No
1,No,No internet service,No internet service,Month-to-month,20.4,No
22,DSL,No,No,One year,43.75,Yes
28,DSL,Yes,Yes,Month-to-month,60.9,No
70,No,No internet service,No internet service,Two year,19.8,No
5,DSL,No,No,Month-to-month,28.45,Yes
12,Fiber optic,Yes,No,Month-to-month,99.7,Yes
34,Fiber optic,Yes,Yes,One year,116.25,No
71,Fiber optic,Yes,No,Two year,80.7,No
70,DSL,Yes,No,One year,65.2,No
52,Fiber optic,Yes,Yes,Month-to-month,84.05,No
69,DSL,Yes,Yes,Two year,79.45,No
20,Fiber optic,No,No,Month-to-month,94.1,Yes
11,Fiber optic,No,No,Month-to-month,78,No
2,Fiber optic,No,Yes,Month-to-month,94.2,Yes
6,Fiber optic,No,Yes,Month-to-month,80.5,Yes
1,No,No internet service,No internet service,Month-to-month,19.85,No
20,Fiber optic,Yes,Yes,One year,94.3,No
61,Fiber optic,Yes,No,Month-to-month,106.45,No
5,Fiber optic,No,No,Month-to-month,74.35,Yes
56,Fiber optic,No,Yes,Month-to-month,105.45,No
30,Fiber optic,Yes,Yes,Month-to-month,95,No
40,Fiber optic,No,Yes,Month-to-month,104.8,Yes
28,DSL,Yes,Yes,One year,54.3,No
5,Fiber optic,No,No,Month-to-month,70.05,No
27,Fiber optic,Yes,No,Month-to-month,75.2,Yes
12,No,No internet service,No internet service,Month-to-month,20.05,No
67,Fiber optic,No,No,One year,105.4,No
29,DSL,No,No,Month-to-month,51.6,No
55,Fiber optic,No,No,Month-to-month,85.5,No
23,Fiber optic,No,No,Month-to-month,75.6,Yes
34,Fiber optic,No,No,Month-to-month,100.05,Yes
52,Fiber optic,Yes,No,One year,91.25,No
72,Fiber optic,Yes,Yes,Two year,115.75,No
58,Fiber optic,No,Yes,One year,94.7,No
35,No,No internet service,No internet service,Two year,19.6,No
56,Fiber optic,No,Yes,Two year,99.9,No
24,No,No internet service,No internet service,Two year,21.1,No
70,No,No internet service,No internet service,Two year,20.05,No
2,Fiber optic,No,No,Month-to-month,79.95,No
68,Fiber optic,No,Yes,One year,107.15,No
1,Fiber optic,No,No,Month-to-month,85,Yes
12,Fiber optic,No,No,Month-to-month,89.55,No
63,Fiber optic,No,No,Month-to-month,81.55,No
33,DSL,Yes,No,One year,58.45,No
69,Fiber optic,No,No,One year,95.65,No
60,DSL,No,Yes,Two year,80.6,No
72,Fiber optic,Yes,Yes,Two year,113.1,No
11,DSL,No,No,Month-to-month,58.95,No
1,No,No internet service,No internet service,Month-to-month,19.55,No
10,Fiber optic,No,No,Month-to-month,86.05,Yes
13,DSL,Yes,Yes,Month-to-month,45.55,Yes
34,Fiber optic,No,No,One year,78.95,No
39,Fiber optic,No,No,Month-to-month,86.3,Yes
65,Fiber optic,No,Yes,One year,105.05,No
50,Fiber optic,Yes,No,One year,101.9,No
15,No,No internet service,No internet service,Month-to-month,19.75,No
72,Fiber optic,Yes,No,Two year,110.3,No
72,Fiber optic,Yes,Yes,Two year,115.6,No
55,No,No internet service,No internet service,Two year,19.35,No
23,No,No internet service,No internet service,Two year,25.6,No
32,Fiber optic,No,No,Month-to-month,80.35,Yes
56,DSL,Yes,No,One year,68.75,No
1,No,No internet service,No internet service,Month-to-month,19.9,No
38,DSL,Yes,Yes,One year,70.6,No
11,Fiber optic,No,No,Month-to-month,70.2,No
1,DSL,No,Yes,Month-to-month,49.3,No
56,Fiber optic,No,Yes,One year,107.25,No
3,No,No internet service,No internet service,Month-to-month,23.6,No
7,DSL,Yes,No,Month-to-month,69.7,No
59,Fiber optic,No,No,Two year,99.5,No
7,DSL,No,Yes,Month-to-month,64.3,No
71,DSL,Yes,Yes,Two year,70.85,No
15,Fiber optic,Yes,Yes,One year,101.9,No
71,DSL,Yes,Yes,Two year,73.5,No
35,Fiber optic,No,No,Month-to-month,100.25,Yes
11,DSL,No,Yes,One year,40.4,No
60,No,No internet service,No internet service,Two year,19.25,No
47,DSL,No,Yes,Two year,59.6,No
11,DSL,No,Yes,One year,64.9,No
56,Fiber optic,No,No,One year,100.3,Yes
28,Fiber optic,No,Yes,Month-to-month,110.85,No
61,DSL,Yes,Yes,Two year,81.05,No
31,Fiber optic,Yes,No,One year,98.05,No
9,Fiber optic,No,No,Month-to-month,70.5,No
35,Fiber optic,Yes,No,Month-to-month,94.55,No
2,No,No internet service,No internet service,Month-to-month,19.65,No
12,No,No internet service,No internet service,Month-to-month,19,Yes
1,Fiber optic,Yes,No,Month-to-month,75.3,Yes
4,Fiber optic,No,No,Month-to-month,89.2,Yes
1,No,No internet service,No internet service,Month-to-month,19,No
3,No,No internet service,No internet service,Month-to-month,20,No
1,Fiber optic,No,No,Month-to-month,85.7,Yes
52,DSL,Yes,No,Two year,63.25,No
5,No,No internet service,No internet service,One year,20.1,No
72,Fiber optic,Yes,No,Two year,99.15,No
71,DSL,Yes,Yes,Two year,90.4,No
72,Fiber optic,Yes,Yes,Two year,111.9,No
46,No,No internet service,No internet service,One year,24.9,No
63,DSL,Yes,No,Two year,83.5,No
30,Fiber optic,Yes,No,Month-to-month,84.3,No
1,DSL,No,No,Month-to-month,45.6,No
12,DSL,Yes,Yes,Month-to-month,61.65,Yes
16,DSL,Yes,Yes,Two year,54.85,No
4,DSL,No,Yes,Month-to-month,65.55,No
51,Fiber optic,No,No,One year,90.35,No
65,No,No internet service,No internet service,Two year,20.4,No
16,Fiber optic,No,Yes,Month-to-month,74.55,No
2,No,No internet service,No internet service,One year,19.95,No
66,Fiber optic,No,No,One year,74.25,No
46,Fiber optic,No,Yes,Two year,108.65,No
32,Fiber optic,Yes,Yes,One year,109.55,No
72,DSL,Yes,Yes,Two year,86.65,No
38,DSL,Yes,Yes,Two year,81,No
51,DSL,No,Yes,One year,47.85,No
72,Fiber optic,Yes,Yes,Two year,114.55,No
65,Fiber optic,Yes,No,Month-to-month,105.25,Yes
9,DSL,No,No,Month-to-month,29.95,Yes
9,DSL,Yes,Yes,Month-to-month,65,Yes
66,No,No internet service,No internet service,Two year,20.55,No
44,Fiber optic,Yes,No,One year,109.8,No
50,DSL,No,Yes,Two year,69.5,No
15,DSL,No,No,Month-to-month,48.85,No
8,DSL,No,No,Month-to-month,25.25,No
66,Fiber optic,No,Yes,One year,102.85,No
57,Fiber optic,Yes,Yes,Month-to-month,87.55,No
7,Fiber optic,No,No,Month-to-month,78.55,No
10,DSL,No,No,Month-to-month,34.55,No
62,Fiber optic,Yes,No,One year,92.05,No
40,Fiber optic,No,No,One year,85.05,No
20,No,No internet service,No internet service,Two year,19.7,No
7,No,No internet service,No internet service,Month-to-month,20,Yes
25,Fiber optic,No,Yes,Month-to-month,95.15,No
23,Fiber optic,No,No,Month-to-month,84.25,No
66,Fiber optic,No,No,One year,104.6,No
72,Fiber optic,No,Yes,Two year,111.65,No
49,Fiber optic,No,No,Month-to-month,90.05,Yes
43,Fiber optic,No,Yes,Month-to-month,110.75,Yes
46,DSL,Yes,No,Month-to-month,55,No
72,DSL,Yes,Yes,Two year,89.85,No
10,No,No internet service,No internet service,One year,20.35,No
40,DSL,Yes,Yes,One year,54.55,No
65,Fiber optic,No,No,Month-to-month,105.5,Yes
31,Fiber optic,No,Yes,Two year,99.45,No
68,DSL,Yes,Yes,Two year,70.9,No
56,Fiber optic,Yes,No,One year,104.55,Yes
10,Fiber optic,No,No,Month-to-month,85.25,Yes
68,No,No internet service,No internet service,Two year,25.4,No
43,DSL,No,No,Month-to-month,56.15,Yes
1,Fiber optic,No,No,Month-to-month,89.55,Yes
49,Fiber optic,No,No,One year,89.85,No
15,No,No internet service,No internet service,Month-to-month,25.25,No
20,Fiber optic,No,No,Month-to-month,94.55,Yes
1,DSL,No,No,Month-to-month,45.7,Yes
50,DSL,No,Yes,One year,69.65,No
2,Fiber optic,No,No,Month-to-month,89.5,Yes
24,Fiber optic,No,No,Month-to-month,70,No
3,Fiber optic,No,No,Month-to-month,69.55,Yes
1,Fiber optic,No,No,Month-to-month,74.6,Yes
35,No,No internet service,No internet service,Two year,20.1,No
17,No,No internet service,No internet service,Month-to-month,24.8,No
8,No,No internet service,No internet service,Month-to-month,19.65,Yes
10,Fiber optic,No,Yes,Month-to-month,95.1,No
68,DSL,Yes,Yes,Two year,88.85,No
45,DSL,Yes,No,One year,78.8,No
2,No,No internet service,No internet service,One year,19.85,Yes
37,No,No internet service,No internet service,Month-to-month,20.35,No
4,DSL,No,No,Month-to-month,24.25,Yes
10,DSL,No,No,Month-to-month,45.25,No
1,No,No internet service,No internet service,Month-to-month,20.05,No
65,DSL,Yes,No,Two year,69.55,No
57,No,No internet service,No internet service,Two year,19.5,No
3,Fiber optic,No,No,Month-to-month,74.75,No
2,Fiber optic,No,No,Month-to-month,69.65,Yes
49,DSL,No,No,Month-to-month,30.2,No
4,DSL,No,No,Month-to-month,45.65,Yes
70,DSL,No,Yes,Two year,57.8,No
53,No,No internet service,No internet service,One year,19.85,No
53,No,No internet service,No internet service,Two year,25.55,No
1,Fiber optic,No,No,Month-to-month,75.05,Yes
22,No,No internet service,No internet service,Month-to-month,24.85,No
52,DSL,No,No,Month-to-month,49.15,Yes
65,Fiber optic,Yes,Yes,Two year,110.35,No
48,No,No internet service,No internet service,One year,24.55,No
2,DSL,No,No,Month-to-month,34.7,Yes
3,Fiber optic,No,No,Month-to-month,107.95,No
45,Fiber optic,No,No,Month-to-month,81.4,No
1,Fiber optic,No,No,Month-to-month,80,Yes
61,DSL,No,Yes,Two year,73.8,No
3,DSL,Yes,Yes,Month-to-month,64.4,No
40,Fiber optic,No,Yes,One year,103.75,No
1,Fiber optic,No,No,Month-to-month,71.1,No
1,DSL,No,Yes,Month-to-month,49.9,No
51,No,No internet service,No internet service,One year,24.6,No
2,DSL,Yes,No,Month-to-month,49.25,Yes
52,DSL,No,No,One year,30.1,No
51,Fiber optic,No,No,Month-to-month,83.4,No
1,No,No internet service,No internet service,Month-to-month,20.45,No
31,DSL,Yes,Yes,One year,75.25,No
47,No,No internet service,No internet service,One year,20.55,No
3,Fiber optic,No,No,Month-to-month,75.1,Yes
22,No,No internet service,No internet service,One year,20.05,No
1,No,No internet service,No internet service,Month-to-month,20.65,No
72,DSL,No,Yes,Two year,85.15,No
3,DSL,No,No,Month-to-month,50.15,Yes
47,Fiber optic,No,No,One year,84.95,No
72,DSL,Yes,Yes,Two year,66.5,No
66,DSL,No,No,Two year,63.3,No
35,Fiber optic,No,No,Month-to-month,83.15,No
29,Fiber optic,No,No,Month-to-month,84.9,No
2,No,No internet service,No internet service,Month-to-month,20.55,No
4,DSL,No,No,Month-to-month,49.25,No
25,Fiber optic,Yes,No,Month-to-month,79.85,Yes
65,DSL,Yes,Yes,Two year,59.6,No
27,Fiber optic,No,Yes,One year,104.65,No
29,Fiber optic,No,No,Month-to-month,75.3,No
29,DSL,No,No,Month-to-month,80.1,No
1,No,No internet service,No internet service,Month-to-month,19.55,Yes
20,Fiber optic,No,Yes,Month-to-month,81,No
58,No,No internet service,No internet service,Two year,24.7,No
14,Fiber optic,Yes,Yes,Month-to-month,86,No
72,No,No internet service,No internet service,Two year,25.4,No
46,Fiber optic,Yes,No,Month-to-month,89.15,No
71,DSL,No,Yes,Two year,58.25,No
32,Fiber optic,No,No,Month-to-month,85.65,No
26,DSL,No,No,Month-to-month,50.35,No
68,Fiber optic,No,No,Month-to-month,80.35,No
2,No,No internet service,No internet service,One year,20.2,No
61,No,No internet service,No internet service,Two year,20.55,No
4,Fiber optic,No,No,Month-to-month,85.95,Yes
3,DSL,No,No,Month-to-month,45.35,Yes
33,Fiber optic,No,No,Month-to-month,94.5,Yes
9,No,No internet service,No internet service,Month-to-month,21.25,No
22,No,No internet service,No internet service,Two year,26.25,No
5,Fiber optic,No,No,Month-to-month,80.85,No
30,Fiber optic,Yes,No,Month-to-month,91.7,Yes
65,DSL,No,Yes,Two year,74.2,No
45,Fiber optic,No,Yes,Month-to-month,87.25,Yes
5,No,No internet service,No internet service,Month-to-month,20.35,No
25,Fiber optic,No,No,Month-to-month,75.5,No
72,Fiber optic,Yes,No,Two year,79.05,No
27,Fiber optic,No,No,Month-to-month,90.15,No
32,DSL,No,No,Month-to-month,50.6,No
30,Fiber optic,No,Yes,One year,110.45,No
70,Fiber optic,Yes,Yes,Two year,101,No
42,Fiber optic,No,No,Month-to-month,79.35,No
72,DSL,Yes,Yes,Two year,89.85,No
47,DSL,Yes,Yes,Two year,65,No
2,Fiber optic,Yes,No,Month-to-month,80.45,No
10,Fiber optic,Yes,No,Month-to-month,98.55,Yes
61,No,No internet service,No internet service,Two year,24.1,No
5,DSL,No,No,Month-to-month,44.05,No
72,Fiber optic,No,Yes,Two year,110.8,No
72,Fiber optic,Yes,Yes,Two year,114.95,No
3,Fiber optic,No,No,Month-to-month,75.05,No
48,No,No internet service,No internet service,Two year,19.25,No
63,Fiber optic,No,Yes,One year,90.05,No
27,DSL,Yes,No,Month-to-month,56.7,No
70,DSL,Yes,No,Two year,80.15,No
7,DSL,Yes,Yes,Month-to-month,71.35,No
0,No,No internet service,No internet service,Two year,20.25,No
2,Fiber optic,Yes,No,Month-to-month,90.35,No
20,Fiber optic,No,No,Month-to-month,98.55,Yes
66,No,No internet service,No internet service,Two year,19.7,No
3,No,No internet service,No internet service,Month-to-month,19.85,No
15,Fiber optic,No,No,Month-to-month,85.9,Yes
72,Fiber optic,Yes,Yes,Two year,90.35,No
1,No,No internet service,No internet service,Month-to-month,20.8,No
22,Fiber optic,No,No,Month-to-month,89.25,Yes
3,Fiber optic,No,No,Month-to-month,70.3,Yes
72,DSL,Yes,Yes,Two year,66.85,No
65,No,No internet service,No internet service,Two year,19.9,No
11,DSL,No,No,Month-to-month,35.8,No
22,Fiber optic,No,No,Month-to-month,78.85,No
14,No,No internet service,No internet service,One year,20.4,No
41,Fiber optic,No,Yes,Month-to-month,74.25,No
17,DSL,Yes,No,One year,64.8,No
11,No,No internet service,No internet service,Month-to-month,20.45,No
15,Fiber optic,No,No,Month-to-month,93.35,Yes
1,No,No internet service,No internet service,Month-to-month,19.9,Yes
5,Fiber optic,Yes,No,Month-to-month,88.9,Yes
33,Fiber optic,No,No,One year,95.8,Yes
72,Fiber optic,Yes,No,Two year,110.65,No
3,DSL,No,No,Month-to-month,40.3,No
2,Fiber optic,No,No,Month-to-month,82,Yes
59,Fiber optic,Yes,Yes,One year,107,No
2,DSL,No,No,Month-to-month,45.35,Yes
71,DSL,No,Yes,Two year,73.35,No
5,DSL,No,No,Month-to-month,44.8,No
27,DSL,Yes,No,Month-to-month,54.75,No
1,DSL,No,Yes,Month-to-month,52.2,Yes
63,DSL,Yes,Yes,One year,40.6,No
46,Fiber optic,Yes,No,One year,110,Yes
72,DSL,Yes,No,Two year,55.3,No
34,DSL,Yes,Yes,Month-to-month,60.85,No
24,DSL,Yes,No,One year,78.4,No
72,DSL,Yes,Yes,Two year,69.65,No
60,DSL,Yes,Yes,Two year,59.85,No
68,DSL,Yes,No,One year,76.9,No
8,No,No internet service,No internet service,Two year,19.85,No
34,DSL,Yes,Yes,Two year,67.65,No
6,DSL,No,No,Month-to-month,45,No
2,DSL,No,Yes,Month-to-month,64.2,No
31,Fiber optic,No,Yes,One year,81.7,No
20,No,No internet service,No internet service,Month-to-month,25.55,No
1,No,No internet service,No internet service,Month-to-month,20,No
62,Fiber optic,No,No,One year,96.75,Yes
70,Fiber optic,No,No,Two year,75.65,No
10,Fiber optic,No,Yes,Month-to-month,98.5,Yes
39,No,No internet service,No internet service,Two year,23.8,No
46,DSL,No,Yes,Two year,64.2,No
6,Fiber optic,No,No,Month-to-month,85.35,Yes
72,DSL,No,No,Two year,76.8,No
18,DSL,No,Yes,Month-to-month,55.2,No
71,Fiber optic,Yes,Yes,Two year,108.55,No
40,Fiber optic,No,No,Month-to-month,101.3,Yes
1,Fiber optic,No,No,Month-to-month,69.55,Yes
58,Fiber optic,No,No,One year,103.25,Yes
70,Fiber optic,Yes,Yes,Two year,104,Yes
42,No,No internet service,No internet service,Two year,25.25,No
34,DSL,Yes,No,One year,30.4,No
5,No,No internet service,No internet service,Month-to-month,20.05,No
25,Fiber optic,No,No,Month-to-month,84.6,No
2,Fiber optic,No,No,Month-to-month,86.2,Yes
55,Fiber optic,No,Yes,One year,103.7,No
21,Fiber optic,No,Yes,Month-to-month,111.2,Yes
70,Fiber optic,Yes,Yes,Two year,88,No
61,Fiber optic,No,Yes,Month-to-month,106.35,No
43,DSL,Yes,Yes,Two year,79.15,No
47,Fiber optic,No,No,One year,103.1,No
5,DSL,No,Yes,Month-to-month,63.95,No
62,No,No internet service,No internet service,Two year,25.8,No
16,Fiber optic,No,No,Month-to-month,89.45,Yes
7,Fiber optic,No,No,Month-to-month,95.6,Yes
14,No,No internet service,No internet service,Month-to-month,25.55,No
60,Fiber optic,No,No,One year,90.95,Yes
34,DSL,No,Yes,Month-to-month,44.85,No
50,Fiber optic,Yes,Yes,One year,108.55,Yes
38,No,No internet service,No internet service,Two year,25.05,No
70,DSL,Yes,Yes,One year,74.1,No
37,Fiber optic,No,No,Month-to-month,88.8,No
4,Fiber optic,No,No,Month-to-month,78.85,Yes
60,Fiber optic,Yes,No,Month-to-month,93.25,No
62,DSL,Yes,Yes,One year,71.4,No
1,DSL,No,No,Month-to-month,44.4,Yes
36,DSL,Yes,Yes,Month-to-month,79.2,No
44,No,No internet service,No internet service,Two year,20.4,No
55,Fiber optic,No,No,One year,100,Yes
72,Fiber optic,Yes,No,Two year,105,No
12,No,No internet service,No internet service,One year,19.8,Yes
13,DSL,Yes,No,Month-to-month,30.85,No
1,Fiber optic,No,No,Month-to-month,89.9,Yes
15,No,No internet service,No internet service,One year,20.55,No
65,DSL,Yes,Yes,Two year,84.85,No
12,DSL,Yes,Yes,One year,33.15,No
72,DSL,Yes,Yes,Two year,92,No
72,DSL,Yes,Yes,Two year,89.8,No
72,Fiber optic,Yes,Yes,Two year,115.8,No
52,DSL,Yes,Yes,Two year,85.15,No
2,No,No internet service,No internet service,Month-to-month,24.85,No
5,DSL,Yes,Yes,Month-to-month,64.35,No
68,No,No internet service,No internet service,Two year,20.5,No
62,Fiber optic,No,No,One year,100.15,Yes
72,DSL,Yes,Yes,Two year,86.05,No
1,DSL,No,No,Month-to-month,50.8,Yes
66,Fiber optic,Yes,Yes,One year,89,No
72,DSL,Yes,Yes,Two year,64.8,No
26,No,No internet service,No internet service,One year,19.8,No
64,Fiber optic,Yes,No,Two year,93.4,No
20,Fiber optic,No,No,Month-to-month,73.65,Yes
3,Fiber optic,No,No,Month-to-month,95.1,Yes
22,Fiber optic,No,No,Month-to-month,94.65,Yes
4,Fiber optic,No,Yes,Month-to-month,80.6,Yes
62,DSL,No,Yes,Two year,39,No
5,No,No internet service,No internet service,Month-to-month,20.5,No
59,Fiber optic,No,No,One year,85.55,Yes
3,No,No internet service,No internet service,Two year,26.4,No
72,Fiber optic,Yes,Yes,Two year,98.2,No
57,Fiber optic,No,No,One year,97.55,No
66,No,No internet service,No internet service,Two year,19.95,No
60,DSL,No,No,Month-to-month,50.8,Yes
45,Fiber optic,No,No,Two year,99.7,No
3,DSL,No,No,Month-to-month,34.8,No
15,Fiber optic,Yes,Yes,Month-to-month,105.1,Yes
51,DSL,Yes,Yes,One year,60.15,No
60,DSL,Yes,Yes,One year,64.75,No
33,DSL,No,No,Month-to-month,54.65,No
10,Fiber optic,Yes,Yes,Month-to-month,110.1,Yes
26,No,No internet service,No internet service,One year,19.3,No
6,Fiber optic,No,No,Month-to-month,83.9,Yes
67,Fiber optic,Yes,Yes,One year,111.25,No
49,DSL,Yes,Yes,One year,35.8,No
1,No,No internet service,No internet service,Month-to-month,20.05,No
7,Fiber optic,No,No,Month-to-month,84.35,No
27,Fiber optic,Yes,No,One year,110.5,No
37,Fiber optic,No,No,One year,91.2,No
63,Fiber optic,Yes,No,Month-to-month,100.55,Yes
31,Fiber optic,Yes,Yes,Month-to-month,89.3,No
50,Fiber optic,No,No,Month-to-month,103.85,Yes
32,Fiber optic,No,No,Month-to-month,81.1,No
1,DSL,No,No,Month-to-month,24.6,Yes
63,Fiber optic,No,Yes,One year,81.2,No
30,Fiber optic,Yes,No,Month-to-month,94.3,No
71,Fiber optic,Yes,Yes,Two year,116.1,No
53,Fiber optic,No,No,Two year,105.55,No
12,Fiber optic,Yes,Yes,Month-to-month,98.9,Yes
50,Fiber optic,Yes,No,Month-to-month,94.4,No
2,No,No internet service,No internet service,Month-to-month,19.5,No
9,Fiber optic,No,No,Month-to-month,98.3,Yes
17,Fiber optic,Yes,No,Month-to-month,93.85,Yes
56,Fiber optic,Yes,No,One year,105.6,No
67,DSL,Yes,No,Two year,81.35,No
9,Fiber optic,No,No,Month-to-month,100.5,Yes
4,DSL,No,No,Month-to-month,56.4,No
19,DSL,No,Yes,One year,65.35,No
8,No,No internet service,No internet service,Month-to-month,19.95,No
71,Fiber optic,No,Yes,Two year,111.25,No
10,Fiber optic,No,No,Month-to-month,72.85,Yes
15,Fiber optic,No,No,Month-to-month,89,No
72,Fiber optic,Yes,No,One year,106.1,No
12,No,No internet service,No internet service,One year,20.05,No
72,No,No internet service,No internet service,Two year,25.2,No
1,Fiber optic,No,No,Month-to-month,73.55,Yes
23,Fiber optic,Yes,No,Month-to-month,75.4,No
72,DSL,Yes,Yes,Two year,65.55,No
26,Fiber optic,No,No,Month-to-month,80.7,No
21,Fiber optic,No,Yes,One year,104.55,No
60,No,No internet service,No internet service,One year,24.15,No
12,No,No internet service,No internet service,Month-to-month,20.45,No
16,Fiber optic,No,No,Month-to-month,75.4,No
63,DSL,Yes,No,One year,79.7,No
22,Fiber optic,Yes,No,Month-to-month,81.7,No
32,DSL,Yes,Yes,Month-to-month,76.3,No
3,Fiber optic,No,No,Month-to-month,79.4,Yes
13,Fiber optic,No,No,Month-to-month,81.15,Yes
68,Fiber optic,No,Yes,Two year,103.75,No
30,Fiber optic,No,No,One year,86.45,No
16,Fiber optic,No,No,Month-to-month,75.1,No
33,Fiber optic,No,Yes,Two year,80.6,No
72,No,No internet service,No internet service,Two year,19.3,No
4,Fiber optic,No,No,Month-to-month,84.6,Yes
12,DSL,Yes,Yes,One year,33.6,No
4,Fiber optic,No,No,Month-to-month,83.25,No
0,DSL,Yes,No,Two year,80.85,No
6,Fiber optic,Yes,No,Month-to-month,79.05,Yes
65,Fiber optic,No,Yes,One year,108.05,No
15,No,No internet service,No internet service,Month-to-month,19.9,No
24,No,No internet service,No internet service,One year,21.05,No
13,DSL,No,No,Month-to-month,30.15,No
24,Fiber optic,No,No,Month-to-month,79.85,No
72,DSL,Yes,Yes,Two year,65.5,No
54,Fiber optic,Yes,No,Month-to-month,104.1,No
3,Fiber optic,No,No,Month-to-month,74.4,Yes
4,No,No internet service,No internet service,Month-to-month,20.5,No
32,Fiber optic,No,No,Month-to-month,91.35,No
35,Fiber optic,No,No,Month-to-month,99.05,Yes
35,No,No internet service,No internet service,Two year,20.5,No
2,DSL,No,No,Month-to-month,44.95,Yes
8,Fiber optic,No,No,Month-to-month,75.6,No
22,DSL,Yes,Yes,Month-to-month,55.1,No
15,DSL,Yes,Yes,Month-to-month,58.95,No
22,Fiber optic,No,No,Month-to-month,95.1,No
1,DSL,No,No,Month-to-month,44.7,Yes
71,No,No internet service,No internet service,Two year,25.45,No
4,DSL,Yes,No,Month-to-month,56.75,No
25,DSL,Yes,Yes,Month-to-month,81.75,No
32,Fiber optic,No,No,Month-to-month,86.1,No
7,DSL,Yes,No,Month-to-month,29.8,No
17,No,No internet service,No internet service,One year,20.5,No
8,DSL,Yes,No,Month-to-month,60.9,No
56,DSL,Yes,Yes,Two year,73.25,No
1,DSL,No,No,Month-to-month,45.7,Yes
8,Fiber optic,Yes,Yes,Month-to-month,100.3,Yes
7,No,No internet service,No internet service,Month-to-month,19.25,Yes
3,No,No internet service,No internet service,Month-to-month,20.85,No
71,DSL,Yes,Yes,Two year,77.35,No
2,Fiber optic,No,No,Month-to-month,96,Yes
1,Fiber optic,No,No,Month-to-month,90.55,Yes
49,Fiber optic,Yes,No,Month-to-month,93.85,No
58,DSL,No,Yes,Two year,70.1,No
44,DSL,No,No,Month-to-month,30.35,Yes
59,DSL,No,Yes,Two year,75.95,No
71,Fiber optic,Yes,Yes,Two year,108.05,Yes
1,Fiber optic,No,No,Month-to-month,69.9,Yes
11,Fiber optic,No,No,Month-to-month,75.25,No
62,Fiber optic,No,No,One year,103.75,Yes
35,DSL,Yes,Yes,One year,54.95,No
20,No,No internet service,No internet service,Month-to-month,19.5,No
40,No,No internet service,No internet service,Two year,19.6,No
39,DSL,Yes,No,One year,47.85,No
1,Fiber optic,No,No,Month-to-month,86.6,Yes
72,No,No internet service,No internet service,Two year,23.75,No
33,Fiber optic,No,No,Month-to-month,80.6,Yes
12,DSL,No,No,Month-to-month,43.8,No
1,No,No internet service,No internet service,Month-to-month,19.75,No
27,No,No internet service,No internet service,Month-to-month,19.15,No
34,No,No internet service,No internet service,One year,19.6,No
56,Fiber optic,Yes,No,Two year,80.3,No
58,No,No internet service,No internet service,Two year,24.35,No
22,No,No internet service,No internet service,Two year,25.25,No
10,No,No internet service,No internet service,Two year,26.1,No
13,No,No internet service,No internet service,Two year,20,No
35,Fiber optic,No,Yes,Month-to-month,85.3,Yes
34,Fiber optic,No,No,Month-to-month,70,Yes
4,Fiber optic,No,No,Month-to-month,94.3,Yes
72,No,No internet service,No internet service,Two year,20.7,No
2,DSL,No,Yes,Month-to-month,70.3,No
7,Fiber optic,No,No,Month-to-month,95.35,Yes
27,Fiber optic,No,No,Month-to-month,75.5,Yes
4,Fiber optic,No,No,Month-to-month,69.55,No
37,No,No internet service,No internet service,Two year,19.85,No
21,No,No internet service,No internet service,Month-to-month,20,No
53,Fiber optic,No,No,One year,95.85,No
18,Fiber optic,No,Yes,Month-to-month,90.1,Yes
2,Fiber optic,No,No,Month-to-month,68.95,Yes
32,Fiber optic,Yes,No,Month-to-month,99.55,Yes
23,No,No internet service,No internet service,One year,20.75,No
3,DSL,Yes,No,Month-to-month,50.15,No
71,DSL,Yes,Yes,Two year,58.65,No
9,Fiber optic,No,Yes,Month-to-month,95.9,No
1,DSL,No,No,Month-to-month,49.5,No
18,DSL,No,No,Month-to-month,57.45,Yes
12,DSL,No,No,One year,53.65,Yes
71,DSL,Yes,Yes,Two year,80.1,No
64,No,No internet service,No internet service,One year,24.4,No
4,DSL,No,Yes,Month-to-month,40.05,No
23,No,No internet service,No internet service,Month-to-month,19.5,No
39,DSL,Yes,No,Month-to-month,51.05,No
28,DSL,Yes,Yes,One year,54.35,No
5,Fiber optic,No,No,Month-to-month,84.7,No
45,Fiber optic,No,No,Month-to-month,86.1,No
37,Fiber optic,No,No,Month-to-month,70.35,No
60,Fiber optic,Yes,Yes,Two year,110,No
8,Fiber optic,No,No,Month-to-month,100.6,Yes
47,Fiber optic,Yes,No,One year,94.9,No
26,Fiber optic,No,No,Month-to-month,83.75,Yes
3,Fiber optic,Yes,Yes,Month-to-month,88.3,Yes
50,Fiber optic,No,No,Month-to-month,69.75,No
27,DSL,No,Yes,Month-to-month,71.6,No
8,Fiber optic,No,No,Month-to-month,92.1,Yes
62,No,No internet service,No internet service,Two year,23.65,No
71,DSL,Yes,Yes,Two year,81.85,No
66,No,No internet service,No internet service,Two year,25.1,No
68,Fiber optic,Yes,Yes,Two year,114.7,No
13,DSL,No,No,Month-to-month,49.15,No
56,Fiber optic,No,No,One year,80.9,No
38,Fiber optic,Yes,No,Month-to-month,79.45,Yes
14,Fiber optic,No,No,Month-to-month,90.45,Yes
16,No,No internet service,No internet service,One year,19.3,No
14,Fiber optic,No,No,Month-to-month,70.2,No
32,Fiber optic,No,No,Month-to-month,69.75,Yes
8,DSL,Yes,Yes,One year,54.25,No
43,Fiber optic,No,No,Month-to-month,99.3,No
52,DSL,Yes,Yes,One year,74,No
3,DSL,No,Yes,Month-to-month,50.25,No
29,No,No internet service,No internet service,One year,19.8,No
1,No,No internet service,No internet service,Month-to-month,19.65,Yes
12,DSL,No,Yes,Month-to-month,43.65,Yes
16,DSL,No,No,Month-to-month,35.5,No
40,DSL,No,Yes,One year,80.75,No
5,DSL,No,No,Month-to-month,39.5,Yes
40,Fiber optic,No,No,Month-to-month,97.1,Yes
36,No,No internet service,No internet service,One year,19.55,No
5,Fiber optic,No,No,Month-to-month,80,Yes
10,Fiber optic,Yes,No,Month-to-month,84.7,Yes
2,Fiber optic,No,No,Month-to-month,89.55,Yes
23,Fiber optic,No,Yes,Month-to-month,90.6,Yes
26,No,No internet service,No internet service,One year,20.05,No
72,Fiber optic,Yes,No,Two year,112.4,No
34,DSL,No,Yes,Month-to-month,50.2,No
10,DSL,Yes,Yes,Month-to-month,62.25,No
14,DSL,Yes,Yes,One year,55.7,No
23,Fiber optic,Yes,No,Month-to-month,90.05,Yes
47,No,No internet service,No internet service,Two year,19.65,No
24,Fiber optic,Yes,Yes,Month-to-month,89.25,No
49,Fiber optic,No,No,Month-to-month,99.05,Yes
20,DSL,Yes,Yes,One year,54,No
2,Fiber optic,No,No,Month-to-month,69.75,Yes
2,DSL,No,No,Month-to-month,49.05,Yes
22,DSL,No,Yes,Two year,56.75,No
7,Fiber optic,No,No,Month-to-month,98.05,Yes
1,No,No internet service,No internet service,Month-to-month,21.1,No
59,Fiber optic,No,Yes,Month-to-month,96.65,No
58,No,No internet service,No internet service,One year,24.5,No
41,Fiber optic,Yes,Yes,Month-to-month,114.5,Yes
59,Fiber optic,No,No,Two year,79.2,No
3,Fiber optic,No,No,Month-to-month,69.55,No
32,No,No internet service,No internet service,Two year,20.05,No
46,Fiber optic,No,No,Month-to-month,98.85,No
0,No,No internet service,No internet service,Two year,25.75,No
2,Fiber optic,No,No,Month-to-month,80.95,Yes
52,No,No internet service,No internet service,One year,19.6,No
13,Fiber optic,No,No,Month-to-month,74.3,Yes
11,Fiber optic,No,No,Month-to-month,89.7,Yes
32,Fiber optic,Yes,Yes,Month-to-month,87.65,No
17,Fiber optic,No,No,Month-to-month,100.45,Yes
16,Fiber optic,No,No,Month-to-month,74.75,No
51,Fiber optic,Yes,No,One year,107.45,No
29,DSL,No,Yes,One year,75.35,No
70,DSL,Yes,Yes,Two year,64.95,No
71,Fiber optic,Yes,Yes,Two year,100.45,No
41,DSL,No,No,One year,68.5,No
1,Fiber optic,No,No,Month-to-month,80.55,No
7,DSL,Yes,Yes,Month-to-month,81.25,No
25,Fiber optic,No,No,One year,90.4,Yes
67,Fiber optic,Yes,Yes,One year,89.55,No
5,DSL,No,Yes,Month-to-month,55.7,No
15,No,No internet service,No internet service,Month-to-month,24.8,No
20,No,No internet service,No internet service,Month-to-month,20,No
3,DSL,No,No,Month-to-month,56.15,Yes
54,Fiber optic,No,Yes,One year,105.2,No
42,No,No internet service,No internet service,One year,19.55,No
9,Fiber optic,No,No,Month-to-month,79.75,No
63,Fiber optic,No,No,Two year,97.45,No
69,No,No internet service,No internet service,Two year,24.25,No
69,No,No internet service,No internet service,Two year,24.6,No
40,DSL,No,No,Month-to-month,50.15,No
60,DSL,Yes,No,Two year,39.6,No
4,Fiber optic,Yes,Yes,Month-to-month,94.4,Yes
71,DSL,Yes,Yes,Two year,89.85,No
37,Fiber optic,No,No,Month-to-month,78.95,Yes
32,Fiber optic,No,No,Month-to-month,98.85,No
39,DSL,No,Yes,Two year,53.85,No
38,No,No internet service,No internet service,One year,24.25,No
52,Fiber optic,No,No,Two year,89.45,No
48,Fiber optic,Yes,No,Month-to-month,105.25,No
70,DSL,Yes,Yes,Two year,59.5,No
20,Fiber optic,No,No,Month-to-month,70.55,No
50,DSL,Yes,Yes,One year,82.5,No
19,DSL,No,No,One year,44.85,Yes
25,DSL,Yes,No,One year,61.6,No
12,DSL,No,No,Month-to-month,49.05,No
39,Fiber optic,No,No,Month-to-month,105.65,Yes
7,Fiber optic,No,No,Month-to-month,74.65,Yes
23,DSL,Yes,Yes,One year,66.25,No
27,No,No internet service,No internet service,Month-to-month,19.4,No
47,Fiber optic,No,No,Month-to-month,86.05,No
26,No,No internet service,No internet service,Two year,19.15,No
14,DSL,Yes,No,Month-to-month,64.7,Yes
11,Fiber optic,No,Yes,Month-to-month,104.05,Yes
2,No,No internet service,No internet service,Month-to-month,19.25,No
26,Fiber optic,Yes,No,Month-to-month,81.95,No
72,Fiber optic,Yes,Yes,Two year,114.65,No
63,No,No internet service,No internet service,Two year,20,No
71,No,No internet service,No internet service,Two year,19.8,No
11,DSL,Yes,No,Month-to-month,65.15,No
14,No,No internet service,No internet service,One year,19.65,No
13,DSL,Yes,Yes,Two year,88.95,No
6,No,No internet service,No internet service,Month-to-month,20.2,No
11,Fiber optic,No,No,Month-to-month,75.2,No
18,DSL,No,No,Month-to-month,56.8,No
1,DSL,No,No,Month-to-month,35.55,Yes
32,Fiber optic,Yes,No,Month-to-month,75.5,No
29,DSL,Yes,Yes,One year,35.6,No
3,DSL,No,No,Month-to-month,60.25,No
2,Fiber optic,No,No,Month-to-month,95.15,Yes
13,Fiber optic,No,No,Month-to-month,96.65,Yes
41,DSL,No,No,Month-to-month,40.35,No
1,No,No internet service,No internet service,Month-to-month,18.85,No
7,DSL,No,No,Month-to-month,54.85,No
52,DSL,Yes,No,One year,64.3,No
45,No,No internet service,No internet service,Two year,24.65,No
70,DSL,No,Yes,Two year,76.1,No
53,No,No internet service,No internet service,Two year,18.7,No
62,Fiber optic,No,No,One year,97.95,No
60,Fiber optic,Yes,No,Month-to-month,94.1,No
3,Fiber optic,No,No,Month-to-month,80.4,Yes
23,Fiber optic,Yes,No,Month-to-month,95.1,No
1,DSL,No,No,Month-to-month,31.35,Yes
67,DSL,Yes,Yes,One year,72.35,No
12,Fiber optic,No,No,Month-to-month,89.75,Yes
71,DSL,Yes,Yes,Two year,82.7,No
25,No,No internet service,No internet service,One year,19.9,No
5,DSL,Yes,No,Month-to-month,53.8,No
26,DSL,No,No,One year,51.55,No
1,No,No internet service,No internet service,One year,19.65,No
70,DSL,No,No,One year,44.05,No
72,Fiber optic,Yes,Yes,Two year,114,No
60,Fiber optic,No,No,One year,94.4,Yes
32,Fiber optic,No,No,Month-to-month,100.4,No
1,No,No internet service,No internet service,Month-to-month,19.85,Yes
14,DSL,No,No,One year,54.25,No
13,Fiber optic,Yes,No,Month-to-month,80,No
6,Fiber optic,No,Yes,Month-to-month,109.9,Yes
46,DSL,Yes,No,Two year,79.2,No
15,Fiber optic,No,Yes,Month-to-month,101.35,Yes
43,Fiber optic,No,Yes,Month-to-month,94.3,No
39,DSL,No,Yes,Two year,49.8,No
21,DSL,No,No,Month-to-month,60.05,Yes
57,DSL,Yes,No,Month-to-month,53.75,No
53,Fiber optic,No,Yes,One year,93.45,No
18,Fiber optic,Yes,No,Month-to-month,87.9,No
1,DSL,No,No,Month-to-month,60.15,Yes
58,DSL,Yes,Yes,One year,61.05,No
71,Fiber optic,No,No,Two year,104.05,No
35,Fiber optic,No,Yes,One year,99.25,No
3,Fiber optic,No,No,Month-to-month,85.7,No
38,Fiber optic,Yes,No,One year,104.85,No
35,DSL,Yes,Yes,Two year,69.15,No
7,Fiber optic,No,No,Month-to-month,90.45,Yes
47,DSL,No,Yes,Two year,74.45,No
14,DSL,No,No,Month-to-month,50.45,No
20,DSL,No,No,Month-to-month,60,No
66,DSL,Yes,Yes,Two year,85.25,No
15,No,No internet service,No internet service,Month-to-month,19.45,No
42,No,No internet service,No internet service,Two year,20.75,No
17,Fiber optic,Yes,No,Month-to-month,78.9,No
37,Fiber optic,No,Yes,One year,104.5,No
12,DSL,No,No,Month-to-month,49.4,No
53,Fiber optic,No,No,One year,94.25,Yes
60,No,No internet service,No internet service,Two year,25,No
18,DSL,No,No,Month-to-month,25.55,No
1,Fiber optic,No,No,Month-to-month,74.9,Yes
3,Fiber optic,No,No,Month-to-month,70.15,No
9,DSL,No,Yes,Month-to-month,69.4,No
1,Fiber optic,No,No,Month-to-month,80.25,Yes
56,Fiber optic,Yes,No,One year,93.15,No
17,Fiber optic,No,No,Month-to-month,69,Yes
11,DSL,No,Yes,Month-to-month,66.35,Yes
7,Fiber optic,No,No,Month-to-month,69.55,No
69,No,No internet service,No internet service,Two year,20.2,No
19,Fiber optic,No,No,Month-to-month,86,Yes
3,Fiber optic,No,No,Month-to-month,80.3,Yes
54,No,No internet service,No internet service,Two year,20.4,No
62,No,No internet service,No internet service,One year,23.75,No
24,Fiber optic,No,No,Month-to-month,90.55,Yes
62,DSL,No,No,Month-to-month,70.45,No
17,DSL,Yes,No,Month-to-month,65.75,No
9,DSL,No,No,Month-to-month,24.6,No
64,DSL,Yes,Yes,Two year,69.25,No
2,Fiber optic,No,No,Month-to-month,75.9,Yes
1,DSL,No,No,Month-to-month,45.85,Yes
16,DSL,No,Yes,Month-to-month,49.95,Yes
72,No,No internet service,No internet service,Two year,24.65,No
30,Fiber optic,Yes,No,One year,90.4,No
49,Fiber optic,Yes,No,Month-to-month,100.85,No
61,DSL,Yes,Yes,Two year,75.35,No
47,Fiber optic,No,No,Month-to-month,87.2,No
20,DSL,Yes,No,Month-to-month,64.4,No
34,Fiber optic,No,No,Month-to-month,78.3,Yes
70,No,No internet service,No internet service,Two year,24.7,No
54,Fiber optic,Yes,Yes,One year,105.85,No
61,Fiber optic,No,Yes,One year,98.3,No
3,Fiber optic,No,No,Month-to-month,76.95,Yes
13,No,No internet service,No internet service,One year,19.45,No
16,Fiber optic,No,No,Month-to-month,96.15,Yes
3,DSL,No,No,Month-to-month,58.7,No
25,No,No internet service,No internet service,Month-to-month,20.15,No
30,DSL,Yes,No,Month-to-month,64.5,No
21,DSL,Yes,No,Month-to-month,28.5,No
1,DSL,No,No,Month-to-month,45.3,Yes
15,No,No internet service,No internet service,Month-to-month,19.4,Yes
23,Fiber optic,No,No,Month-to-month,90.45,No
45,Fiber optic,Yes,No,Month-to-month,105.15,No
24,Fiber optic,No,No,One year,83.15,No
11,Fiber optic,No,Yes,Month-to-month,90.15,Yes
1,DSL,No,No,Month-to-month,45.05,Yes
56,Fiber optic,No,Yes,Two year,103.2,No
1,Fiber optic,No,No,Month-to-month,75.8,Yes
1,No,No internet service,No internet service,Month-to-month,19.45,No
7,Fiber optic,No,No,Month-to-month,79.3,Yes
55,Fiber optic,No,Yes,Two year,88.8,No
2,DSL,No,Yes,Month-to-month,30.9,Yes
72,DSL,Yes,Yes,Two year,85.9,No
45,DSL,No,No,One year,34.2,No
47,No,No internet service,No internet service,Two year,20.15,No
46,Fiber optic,No,No,One year,95.25,Yes
2,DSL,No,No,Month-to-month,50.3,No
2,Fiber optic,Yes,Yes,Month-to-month,80.15,No
12,DSL,No,No,Month-to-month,51.25,No
68,Fiber optic,No,No,Month-to-month,89.6,Yes
69,Fiber optic,No,Yes,Two year,95.2,No
56,Fiber optic,Yes,No,One year,94.8,No
4,Fiber optic,Yes,No,Month-to-month,80.25,No
64,DSL,No,Yes,Two year,76.1,No
59,Fiber optic,Yes,No,One year,110.15,Yes
62,Fiber optic,Yes,Yes,Two year,115.55,No
63,No,No internet service,No internet service,Two year,24.65,No
53,DSL,Yes,Yes,One year,53.6,No
5,No,No internet service,No internet service,Month-to-month,19.45,No
49,Fiber optic,Yes,No,Month-to-month,88.2,No
62,Fiber optic,Yes,No,Two year,101.15,No
55,DSL,Yes,Yes,Two year,56.8,No
71,Fiber optic,Yes,Yes,Two year,99.4,No
72,No,No internet service,No internet service,Two year,20.1,No
36,DSL,Yes,Yes,One year,60.7,No
25,No,No internet service,No internet service,One year,20.95,No
72,Fiber optic,Yes,Yes,Two year,114.85,No
36,No,No internet service,No internet service,One year,19.25,No
1,DSL,No,No,Month-to-month,62.8,No
72,Fiber optic,Yes,No,Two year,105.5,No
59,No,No internet service,No internet service,Two year,19.85,No
7,Fiber optic,No,No,Month-to-month,89.5,Yes
1,DSL,No,Yes,One year,74.1,No
30,Fiber optic,No,Yes,Month-to-month,107.5,No
64,No,No internet service,No internet service,Two year,19.55,No
63,DSL,Yes,Yes,One year,68.8,No
72,DSL,Yes,No,Two year,84.45,No
8,Fiber optic,Yes,No,Month-to-month,75,Yes
62,DSL,No,Yes,Two year,84.5,No
67,Fiber optic,No,Yes,Two year,111.2,No
6,DSL,No,No,Month-to-month,44.75,Yes
70,DSL,Yes,Yes,Two year,80.6,No
20,Fiber optic,No,No,Month-to-month,80.7,No
5,Fiber optic,No,No,Month-to-month,75.6,No
24,DSL,Yes,No,One year,57.6,No
11,DSL,No,No,Month-to-month,44.05,Yes
72,Fiber optic,No,Yes,Two year,110.6,No
66,DSL,Yes,Yes,Two year,58.2,No
45,DSL,Yes,Yes,Two year,81,No
69,No,No internet service,No internet service,Two year,19.7,No
15,Fiber optic,No,No,Month-to-month,85.6,Yes
28,DSL,No,No,Month-to-month,59.55,No
70,Fiber optic,Yes,Yes,One year,115.55,Yes
36,DSL,Yes,Yes,One year,75.55,No
16,Fiber optic,No,No,Month-to-month,86.6,Yes
18,Fiber optic,No,No,Month-to-month,85.2,Yes
34,Fiber optic,No,No,Month-to-month,97.65,Yes
42,DSL,No,No,One year,45.1,No
48,DSL,Yes,Yes,One year,70.95,No
47,Fiber optic,No,Yes,Month-to-month,109.55,Yes
39,Fiber optic,No,Yes,One year,89.55,Yes
11,No,No internet service,No internet service,Two year,20.9,No
7,No,No internet service,No internet service,Month-to-month,19.95,No
3,No,No internet service,No internet service,Month-to-month,24.6,No
8,DSL,Yes,No,Month-to-month,66.7,No
1,No,No internet service,No internet service,Month-to-month,19.45,Yes
32,Fiber optic,Yes,No,One year,94.8,No
60,DSL,Yes,Yes,One year,65.85,No
10,No,No internet service,No internet service,Month-to-month,19.95,No
71,No,No internet service,No internet service,Two year,24.65,No
4,No,No internet service,No internet service,Month-to-month,20.35,Yes
1,Fiber optic,No,No,Month-to-month,69.25,Yes
43,DSL,Yes,Yes,One year,51.25,No
59,Fiber optic,No,No,One year,99.5,Yes
23,DSL,No,Yes,Month-to-month,54.25,No
72,No,No internet service,No internet service,Two year,19.4,No
22,DSL,Yes,Yes,One year,56.25,No
1,DSL,No,No,Month-to-month,25.15,No
69,No,No internet service,No internet service,Two year,23.95,No
50,DSL,Yes,Yes,One year,35.4,No
1,DSL,No,No,Month-to-month,25.2,Yes
2,DSL,No,No,Month-to-month,45,Yes
15,Fiber optic,No,No,Month-to-month,75.35,No
31,No,No internet service,No internet service,Two year,20.4,No
1,No,No internet service,No internet service,Month-to-month,20.15,Yes
66,Fiber optic,No,No,Month-to-month,105,Yes
0,DSL,Yes,Yes,Two year,56.05,No
3,DSL,No,No,Month-to-month,54.7,Yes
8,No,No internet service,No internet service,Two year,20,No
64,DSL,Yes,No,One year,73.05,No
28,No,No internet service,No internet service,Month-to-month,20.5,No
57,Fiber optic,No,No,One year,100.75,No
14,Fiber optic,No,No,Month-to-month,87.25,Yes
19,No,No internet service,No internet service,Two year,19.95,No
10,Fiber optic,No,No,Month-to-month,79.95,Yes
51,DSL,No,No,Month-to-month,49.65,No
67,DSL,Yes,No,Two year,65.65,No
11,No,No internet service,No internet service,Month-to-month,20.45,No
72,DSL,Yes,Yes,Two year,60.95,No
66,No,No internet service,No internet service,One year,20.35,No
18,Fiber optic,No,Yes,Month-to-month,88.35,Yes
9,No,No internet service,No internet service,Month-to-month,19.5,No
9,Fiber optic,No,No,Month-to-month,75.2,No
48,Fiber optic,Yes,No,Month-to-month,111.45,No
10,Fiber optic,No,No,Month-to-month,70.15,No
9,Fiber optic,No,No,Month-to-month,94.75,Yes
13,Fiber optic,No,No,Month-to-month,95.05,Yes
4,Fiber optic,No,No,Month-to-month,78.45,Yes
4,Fiber optic,No,No,Month-to-month,70.2,Yes
72,DSL,Yes,Yes,Two year,92,No
51,DSL,Yes,Yes,Two year,85.5,No
59,DSL,No,No,Month-to-month,41.05,Yes
10,Fiber optic,No,No,Month-to-month,85.6,Yes
61,Fiber optic,No,No,Month-to-month,82.15,No
54,Fiber optic,Yes,Yes,One year,84.4,No
33,DSL,Yes,No,Month-to-month,60.9,No
27,No,No internet service,No internet service,Two year,20.25,No
1,Fiber optic,No,No,Month-to-month,79.2,Yes
23,Fiber optic,No,No,Month-to-month,95.3,No
1,No,No internet service,No internet service,Month-to-month,19.85,No
45,DSL,Yes,Yes,Two year,84.35,No
39,No,No internet service,No internet service,Two year,19.85,No
5,DSL,No,No,One year,70,Yes
72,DSL,Yes,Yes,Two year,82.3,No
58,DSL,No,No,Month-to-month,66.8,No
70,DSL,Yes,Yes,Two year,44.6,No
61,Fiber optic,No,Yes,One year,98.45,No
2,Fiber optic,No,No,Month-to-month,70.7,No
46,No,No internet service,No internet service,One year,24.95,No
1,DSL,No,No,Month-to-month,49.95,Yes
22,Fiber optic,No,No,Month-to-month,69.25,Yes
48,Fiber optic,Yes,Yes,Two year,102.5,No
64,DSL,No,Yes,Two year,86.55,No
72,No,No internet service,No internet service,Two year,24.3,No
12,DSL,No,No,Month-to-month,58.35,No
34,Fiber optic,No,No,Month-to-month,94.25,Yes
72,DSL,Yes,No,Two year,68.75,No
29,Fiber optic,No,No,Month-to-month,85.8,No
33,No,No internet service,No internet service,One year,20.1,No
1,No,No internet service,No internet service,Month-to-month,20.35,No
62,Fiber optic,No,Yes,One year,110.8,No
41,DSL,No,No,One year,73,Yes
64,Fiber optic,No,No,One year,100.05,Yes
4,Fiber optic,No,No,Month-to-month,82.85,No
24,Fiber optic,Yes,Yes,Month-to-month,84.35,No
14,No,No internet service,No internet service,One year,19.55,No
3,No,No internet service,No internet service,Month-to-month,19.95,No
4,Fiber optic,No,No,Month-to-month,99.8,Yes
18,DSL,No,No,Month-to-month,35,Yes
8,DSL,No,No,Month-to-month,66.25,No
35,No,No internet service,No internet service,Two year,23.3,No
1,Fiber optic,No,No,Month-to-month,76,Yes
66,No,No internet service,No internet service,Two year,25.3,No
8,DSL,Yes,Yes,Two year,44.55,No
71,Fiber optic,Yes,No,One year,104.1,No
43,Fiber optic,No,No,Month-to-month,92.55,No
2,Fiber optic,No,No,Month-to-month,93.85,Yes
29,Fiber optic,No,No,Month-to-month,101.45,No
15,Fiber optic,No,No,Month-to-month,84.3,Yes
65,Fiber optic,Yes,Yes,Two year,94.55,No
35,Fiber optic,No,Yes,Month-to-month,95.5,No
64,Fiber optic,Yes,No,One year,100.3,No
58,DSL,No,Yes,Two year,55.5,No
18,DSL,No,No,Month-to-month,49.85,No
67,Fiber optic,No,No,Month-to-month,89.55,No
63,No,No internet service,No internet service,Two year,19.15,No
60,Fiber optic,No,No,Month-to-month,99.8,No
9,Fiber optic,No,No,Month-to-month,84.4,Yes
70,Fiber optic,Yes,Yes,Two year,113.05,No
15,Fiber optic,No,No,Month-to-month,101.1,Yes
48,No,No internet service,No internet service,One year,19.95,No
12,DSL,No,Yes,Month-to-month,74.15,No
71,Fiber optic,Yes,Yes,One year,92,No
44,Fiber optic,No,No,Month-to-month,73.85,No
1,DSL,No,No,Month-to-month,50.45,Yes
45,No,No internet service,No internet service,Two year,24.45,No
23,No,No internet service,No internet service,One year,24.8,No
43,DSL,No,Yes,One year,64.85,No
35,No,No internet service,No internet service,Month-to-month,20.75,No
9,DSL,Yes,Yes,Month-to-month,68.95,No
12,Fiber optic,No,Yes,Month-to-month,99.95,Yes
65,Fiber optic,Yes,No,Month-to-month,109.4,No
2,Fiber optic,No,No,Month-to-month,91.4,Yes
27,DSL,No,No,Month-to-month,49,No
40,DSL,No,No,One year,50.25,No
5,Fiber optic,No,No,Month-to-month,75.55,Yes
8,No,No internet service,No internet service,One year,19.9,No
58,Fiber optic,No,No,One year,97.8,No
52,Fiber optic,Yes,No,One year,100.3,No
3,DSL,No,Yes,Month-to-month,55.8,No
41,Fiber optic,Yes,Yes,Two year,111.15,No
20,Fiber optic,No,Yes,Month-to-month,98.55,No
1,DSL,No,No,Month-to-month,50.05,No
4,Fiber optic,No,Yes,Month-to-month,80.8,Yes
23,No,No internet service,No internet service,Month-to-month,20.85,No
6,No,No internet service,No internet service,Month-to-month,19.5,No
8,No,No internet service,No internet service,Month-to-month,19.35,No
18,DSL,Yes,No,Month-to-month,69.5,No
52,DSL,Yes,No,Month-to-month,48.8,No
31,Fiber optic,No,No,Month-to-month,94.5,No
29,No,No internet service,No internet service,Month-to-month,20.65,No
36,Fiber optic,Yes,Yes,Two year,106.05,No
16,Fiber optic,No,No,Month-to-month,100,Yes
42,Fiber optic,No,Yes,One year,108.3,No
1,No,No internet service,No internet service,Month-to-month,20.55,Yes
60,Fiber optic,No,No,Two year,99.65,No
5,Fiber optic,No,No,Month-to-month,85.3,Yes
22,Fiber optic,Yes,Yes,Month-to-month,95.9,No
36,No,No internet service,No internet service,One year,20,No
4,Fiber optic,No,No,Month-to-month,70.4,Yes
9,DSL,Yes,Yes,Month-to-month,64.95,No
1,Fiber optic,No,No,Month-to-month,74.6,No
12,DSL,Yes,No,Month-to-month,49.2,No
23,DSL,No,Yes,One year,73.75,No
62,Fiber optic,Yes,No,One year,92.3,No
37,Fiber optic,No,Yes,Month-to-month,98.8,Yes
8,No,No internet service,No internet service,Month-to-month,19.2,No
31,Fiber optic,No,No,Month-to-month,88.65,No
13,Fiber optic,No,No,Month-to-month,74.4,Yes
24,Fiber optic,No,No,Month-to-month,98.75,Yes
45,Fiber optic,No,No,Month-to-month,95.95,No
69,Fiber optic,No,Yes,Two year,105.4,No
2,No,No internet service,No internet service,Month-to-month,20.25,No
61,Fiber optic,Yes,No,One year,106,Yes
41,Fiber optic,No,No,Month-to-month,104.7,Yes
44,DSL,No,No,One year,49.05,No
39,DSL,No,Yes,One year,35.55,No
72,DSL,Yes,Yes,Two year,65.1,No
13,Fiber optic,No,No,Month-to-month,96.85,No
51,DSL,Yes,Yes,One year,69.75,No
71,Fiber optic,No,No,Two year,99.2,No
22,Fiber optic,No,No,Month-to-month,96.7,Yes
2,DSL,No,Yes,Month-to-month,55.05,Yes
56,Fiber optic,No,No,One year,106.8,No
1,DSL,Yes,No,Month-to-month,51.25,No
23,DSL,Yes,Yes,One year,57.75,No
66,DSL,No,No,One year,70.85,No
1,No,No internet service,No internet service,Month-to-month,19.55,No
19,Fiber optic,No,No,Month-to-month,88.2,Yes
11,Fiber optic,Yes,No,Month-to-month,79.5,No
8,No,No internet service,No internet service,One year,19.75,Yes
52,Fiber optic,Yes,No,Month-to-month,98.15,No
3,No,No internet service,No internet service,Month-to-month,20.25,No
51,Fiber optic,Yes,No,Month-to-month,79.15,No
15,Fiber optic,No,No,Month-to-month,75.65,Yes
64,Fiber optic,No,No,Month-to-month,94.25,No
37,DSL,No,No,Month-to-month,40.2,No
13,No,No internet service,No internet service,Two year,19.95,No
49,DSL,Yes,No,One year,55.35,No
45,Fiber optic,No,No,One year,102.15,No
18,Fiber optic,No,No,Month-to-month,71.1,No
1,Fiber optic,No,No,Month-to-month,74.7,Yes
68,DSL,Yes,No,Two year,54.1,No
54,No,No internet service,No internet service,Two year,19.65,No
23,Fiber optic,No,No,Month-to-month,88.45,No
17,Fiber optic,No,No,Month-to-month,76.65,Yes
71,DSL,Yes,Yes,Two year,80.4,No
67,No,No internet service,No internet service,Two year,19.25,No
14,Fiber optic,No,No,Month-to-month,84.8,No
1,DSL,No,No,Month-to-month,25.8,Yes
63,No,No internet service,No internet service,Two year,19.5,No
41,DSL,No,Yes,One year,68.6,No
17,Fiber optic,No,No,Month-to-month,92.6,No
56,Fiber optic,Yes,No,One year,100.55,No
5,No,No internet service,No internet service,Month-to-month,20.55,No
2,DSL,Yes,No,Month-to-month,42.6,Yes
3,No,No internet service,No internet service,Month-to-month,19.6,No
37,DSL,Yes,Yes,One year,67.45,No
29,DSL,Yes,No,Month-to-month,68.85,Yes
8,DSL,No,No,Month-to-month,43.55,No
63,Fiber optic,No,Yes,Month-to-month,109.85,No
7,No,No internet service,No internet service,Month-to-month,20.65,No
3,Fiber optic,No,No,Month-to-month,95.4,No
72,No,No internet service,No internet service,Two year,21,No
19,DSL,No,No,Month-to-month,56.2,No
59,No,No internet service,No internet service,Two year,18.4,No
2,Fiber optic,No,Yes,Month-to-month,90,Yes
35,No,No internet service,No internet service,Month-to-month,25.75,No
14,No,No internet service,No internet service,Month-to-month,19.6,No
14,Fiber optic,No,No,Month-to-month,75.35,Yes
69,No,No internet service,No internet service,Two year,19.8,No
7,DSL,Yes,Yes,Month-to-month,64.2,No
69,DSL,Yes,Yes,Two year,75.75,No
72,DSL,No,Yes,Two year,78.95,No
8,Fiber optic,No,No,Month-to-month,100.85,Yes
4,DSL,Yes,No,Month-to-month,50.3,No
63,Fiber optic,No,No,Month-to-month,80.3,No
72,No,No internet service,No internet service,Two year,19.85,No
46,No,No internet service,No internet service,Two year,21.1,No
5,Fiber optic,No,No,Month-to-month,69.95,Yes
30,DSL,No,No,Month-to-month,50,No
63,Fiber optic,No,No,Two year,104.75,No
60,No,No internet service,No internet service,Two year,19.85,No
63,Fiber optic,No,No,One year,107.5,Yes
25,Fiber optic,No,Yes,Month-to-month,85.9,No
1,DSL,No,No,Month-to-month,45.85,Yes
6,Fiber optic,No,No,Month-to-month,80.8,No
22,No,No internet service,No internet service,Two year,25.25,No
31,DSL,No,Yes,Two year,80.55,No
39,Fiber optic,No,Yes,Month-to-month,81.5,No
26,No,No internet service,No internet service,Month-to-month,20.9,No
53,Fiber optic,Yes,No,One year,106.1,Yes
1,Fiber optic,No,Yes,Month-to-month,91.7,Yes
12,DSL,Yes,Yes,Month-to-month,67.25,No
16,Fiber optic,No,No,Month-to-month,95.6,Yes
2,No,No internet service,No internet service,Month-to-month,20.35,No
39,DSL,Yes,Yes,One year,45.05,No
1,Fiber optic,No,No,Month-to-month,74.95,Yes
7,DSL,Yes,Yes,Month-to-month,34.65,No
4,Fiber optic,No,No,Month-to-month,69.35,No
10,Fiber optic,No,No,Month-to-month,95.35,Yes
55,Fiber optic,No,No,Month-to-month,81.55,No
72,DSL,No,No,Two year,75.4,No
10,DSL,No,No,Month-to-month,67.8,No
11,Fiber optic,No,Yes,Month-to-month,111.4,No
15,DSL,No,No,Month-to-month,46.3,No
23,No,No internet service,No internet service,Two year,20.4,No
1,No,No internet service,No internet service,Month-to-month,20.05,No
3,DSL,No,No,Month-to-month,45,Yes
47,Fiber optic,Yes,No,One year,96.1,No
15,No,No internet service,No internet service,One year,19.65,No
66,Fiber optic,No,No,Month-to-month,99.5,Yes
68,DSL,No,Yes,One year,60.65,No
17,Fiber optic,No,Yes,One year,98.6,Yes
7,DSL,No,Yes,Month-to-month,59.5,Yes
12,Fiber optic,No,No,Month-to-month,80.45,Yes
21,DSL,No,No,One year,71.7,No
21,DSL,No,Yes,Month-to-month,36,No
56,DSL,Yes,No,One year,65.2,No
6,DSL,No,No,Month-to-month,48.95,No
65,DSL,No,No,Two year,53.5,No
42,DSL,Yes,Yes,One year,80.45,No
68,Fiber optic,Yes,Yes,Two year,109.05,No
48,No,No internet service,No internet service,Two year,26.3,No
50,Fiber optic,No,Yes,One year,106.8,No
7,DSL,No,No,Month-to-month,64.95,No
63,No,No internet service,No internet service,Two year,19.35,No
17,No,No internet service,No internet service,Month-to-month,21.1,No
42,Fiber optic,No,No,Month-to-month,77.95,Yes
4,No,No internet service,No internet service,Month-to-month,18.85,No
62,No,No internet service,No internet service,Two year,26,No
2,Fiber optic,No,No,Month-to-month,74.7,Yes
2,Fiber optic,No,No,Month-to-month,70.35,No
48,Fiber optic,Yes,No,Two year,96.9,No
27,No,No internet service,No internet service,Two year,19.55,No
70,DSL,No,Yes,Two year,80.4,No
1,Fiber optic,No,No,Month-to-month,88.8,Yes
46,Fiber optic,No,No,One year,94.65,No
30,Fiber optic,No,No,Month-to-month,90.25,Yes
15,DSL,Yes,No,Month-to-month,64.65,Yes
69,Fiber optic,No,No,One year,95.75,No
65,No,No internet service,No internet service,Two year,19.55,No
72,Fiber optic,Yes,Yes,Two year,104.1,No
13,Fiber optic,No,Yes,Month-to-month,89.05,Yes
17,No,No internet service,No internet service,One year,20.1,No
51,Fiber optic,Yes,Yes,One year,111.55,No
51,DSL,Yes,Yes,Two year,60.5,No
72,DSL,Yes,Yes,Two year,90.95,No
67,Fiber optic,No,No,One year,87.4,Yes
34,No,No internet service,No internet service,Month-to-month,19.7,No
67,DSL,Yes,Yes,Two year,50.95,No
49,No,No internet service,No internet service,One year,20.05,No
53,No,No internet service,No internet service,Two year,19.4,No
27,DSL,No,Yes,Month-to-month,59.45,No
23,Fiber optic,No,No,Month-to-month,94.75,Yes
69,DSL,Yes,Yes,Two year,81.5,No
2,DSL,No,Yes,Month-to-month,29.05,No
35,Fiber optic,No,No,Month-to-month,86.45,Yes
46,DSL,Yes,Yes,One year,70.6,No
54,Fiber optic,No,No,Two year,97.2,No
56,Fiber optic,No,No,One year,98.25,Yes
9,Fiber optic,No,No,Month-to-month,75.75,Yes
20,DSL,Yes,Yes,Month-to-month,59.2,No
11,Fiber optic,No,No,Month-to-month,75.9,No
30,Fiber optic,No,No,Month-to-month,90.05,No
68,DSL,Yes,No,Two year,70.95,No
38,Fiber optic,No,No,Month-to-month,102.6,No
17,Fiber optic,Yes,No,Month-to-month,85.35,Yes
48,Fiber optic,No,No,One year,106.1,Yes
1,DSL,No,No,Month-to-month,43.8,No
63,DSL,Yes,No,Two year,59,No
3,DSL,No,No,One year,69.95,No
48,No,No internet service,No internet service,One year,24.35,No
66,DSL,No,Yes,One year,29.45,No
68,Fiber optic,No,No,Two year,84.4,No
17,DSL,No,No,Month-to-month,45.05,Yes
7,No,No internet service,No internet service,One year,20.65,No
72,DSL,Yes,Yes,Two year,87.1,No
29,No,No internet service,No internet service,Month-to-month,19.85,No
37,Fiber optic,No,Yes,Month-to-month,90.35,No
34,Fiber optic,Yes,No,Month-to-month,109.8,Yes
42,Fiber optic,No,No,Month-to-month,84.65,Yes
59,DSL,Yes,Yes,One year,65.5,No
11,Fiber optic,No,No,Month-to-month,79.5,Yes
60,Fiber optic,Yes,No,Month-to-month,80.95,No
27,DSL,No,Yes,Month-to-month,56.15,No
1,Fiber optic,No,No,Month-to-month,85.8,Yes
1,Fiber optic,No,No,Month-to-month,79.1,Yes
17,DSL,Yes,No,Month-to-month,34.4,No
58,No,No internet service,No internet service,Two year,20.75,No
1,No,No internet service,No internet service,One year,18.8,No
3,DSL,No,No,Month-to-month,44.3,Yes
53,Fiber optic,Yes,No,Month-to-month,90.8,No
35,No,No internet service,No internet service,Month-to-month,25.6,No
50,Fiber optic,Yes,No,Month-to-month,105.95,Yes
68,DSL,No,Yes,Two year,70.8,No
47,No,No internet service,No internet service,Month-to-month,25.4,No
65,Fiber optic,No,No,Month-to-month,108.8,No
5,Fiber optic,No,No,Month-to-month,69.75,Yes
51,Fiber optic,No,No,Month-to-month,94.65,Yes
46,Fiber optic,No,No,Month-to-month,96.05,Yes
9,Fiber optic,No,No,Month-to-month,76.85,No
8,No,No internet service,No internet service,Two year,20.25,No
14,No,No internet service,No internet service,One year,24.8,No
45,Fiber optic,Yes,Yes,Month-to-month,115.65,No
8,Fiber optic,No,No,Month-to-month,74.6,No
1,DSL,No,No,Month-to-month,50.15,Yes
66,Fiber optic,Yes,No,One year,103.15,No
72,DSL,Yes,Yes,Two year,72.1,No
41,Fiber optic,Yes,Yes,Month-to-month,113.6,Yes
23,No,No internet service,No internet service,Two year,25.1,No
29,Fiber optic,No,No,Month-to-month,78.9,Yes
4,Fiber optic,Yes,No,Month-to-month,80.15,No
6,No,No internet service,No internet service,Two year,25.4,No
67,Fiber optic,Yes,Yes,One year,105.4,No
7,DSL,No,No,Month-to-month,45.75,No
56,No,No internet service,No internet service,One year,24.45,No
72,No,No internet service,No internet service,Two year,25,No
72,DSL,Yes,No,Two year,85.25,No
23,No,No internet service,No internet service,Two year,19.6,No
35,DSL,No,No,Month-to-month,50.15,No
27,Fiber optic,No,No,Month-to-month,70.55,No
26,DSL,No,Yes,Month-to-month,60.05,Yes
12,No,No internet service,No internet service,One year,26.4,No
40,No,No internet service,No internet service,Two year,20.15,No
7,DSL,Yes,No,Month-to-month,58.85,No
70,Fiber optic,Yes,No,Month-to-month,97.55,No
60,No,No internet service,No internet service,Two year,19.65,No
39,DSL,No,No,One year,25.25,No
72,Fiber optic,Yes,Yes,Two year,114.45,No
1,DSL,No,No,Month-to-month,34.7,Yes
54,DSL,No,Yes,One year,70.7,No
3,Fiber optic,No,No,Month-to-month,85.3,Yes
63,DSL,Yes,Yes,Two year,75.55,No
71,Fiber optic,No,Yes,Two year,84.8,No
42,No,No internet service,No internet service,One year,20.65,No
47,No,No internet service,No internet service,Two year,20.45,No
66,Fiber optic,No,No,One year,102.45,Yes
21,Fiber optic,Yes,No,Month-to-month,104.4,Yes
11,DSL,No,Yes,Month-to-month,35.65,No
1,Fiber optic,No,No,Month-to-month,99.75,Yes
55,Fiber optic,No,Yes,Month-to-month,90.45,No
69,Fiber optic,No,Yes,Two year,97.65,No
3,Fiber optic,No,No,Month-to-month,73.85,No
4,DSL,No,Yes,Month-to-month,74.4,Yes
30,DSL,No,Yes,Two year,69.1,No
5,Fiber optic,No,Yes,Month-to-month,82.75,No
71,No,No internet service,No internet service,Two year,24.4,No
29,DSL,No,No,One year,55.25,No
52,DSL,No,Yes,Month-to-month,61.35,No
68,DSL,Yes,No,One year,76.75,No
46,No,No internet service,No internet service,Two year,19.4,No
8,DSL,No,No,Month-to-month,54.75,No
72,No,No internet service,No internet service,Two year,19.7,No
17,No,No internet service,No internet service,One year,19.9,No
3,Fiber optic,No,Yes,Month-to-month,107.95,No
2,Fiber optic,No,No,Month-to-month,83.8,No
9,Fiber optic,Yes,No,Month-to-month,74.25,Yes
51,DSL,No,No,One year,56.4,No
6,No,No internet service,No internet service,Two year,20.1,No
3,Fiber optic,No,No,Month-to-month,94.9,No
17,Fiber optic,No,No,Month-to-month,94.2,No
30,DSL,No,No,Month-to-month,49.9,No
31,DSL,No,Yes,Month-to-month,71.05,No
45,DSL,Yes,Yes,Two year,81.65,No
64,Fiber optic,Yes,No,One year,89.45,No
1,DSL,No,No,Month-to-month,59.85,Yes
1,Fiber optic,No,No,Month-to-month,69.6,Yes
61,Fiber optic,No,No,One year,99,No
1,No,No internet service,No internet service,Month-to-month,19.05,No
9,DSL,No,No,Month-to-month,45.4,Yes
72,Fiber optic,Yes,Yes,Two year,114.45,No
1,No,No internet service,No internet service,Month-to-month,19.5,Yes
7,DSL,No,No,Month-to-month,44.25,No
66,Fiber optic,No,Yes,One year,90.55,No
1,Fiber optic,No,No,Month-to-month,69.9,Yes
40,No,No internet service,No internet service,Month-to-month,20.4,No
16,DSL,No,No,Month-to-month,71.4,No
2,Fiber optic,No,No,Month-to-month,87.15,Yes
67,No,No internet service,No internet service,Two year,24.85,No
41,Fiber optic,Yes,No,One year,104.45,No
56,No,No internet service,No internet service,Two year,19.8,No
72,Fiber optic,Yes,Yes,Two year,116.45,No
3,Fiber optic,No,No,Month-to-month,84.75,Yes
54,No,No internet service,No internet service,Two year,20.05,No
52,Fiber optic,No,Yes,Month-to-month,110.75,No
50,Fiber optic,No,Yes,Two year,89.7,No
14,Fiber optic,No,Yes,Month-to-month,89.95,Yes
27,DSL,Yes,No,One year,48.7,No
72,Fiber optic,Yes,Yes,Two year,96.6,No
62,DSL,Yes,No,One year,74.3,No
12,DSL,No,Yes,Month-to-month,54.3,No
44,DSL,No,Yes,One year,74.85,No
54,Fiber optic,No,Yes,Two year,79.95,No
68,No,No internet service,No internet service,Two year,20.05,No
20,No,No internet service,No internet service,Month-to-month,19.4,No
50,DSL,No,No,One year,54.9,No
58,No,No internet service,No internet service,Two year,24.45,No
35,Fiber optic,No,No,Month-to-month,89.65,No
2,DSL,No,No,Month-to-month,45.4,No
63,DSL,Yes,Yes,Two year,75.7,No
58,Fiber optic,Yes,No,One year,110.65,No
27,No,No internet service,No internet service,One year,20.55,No
71,Fiber optic,Yes,Yes,Two year,115.15,No
63,DSL,No,No,One year,58.55,No
71,Fiber optic,No,No,Month-to-month,93.25,No
41,Fiber optic,Yes,No,Month-to-month,113.2,Yes
13,Fiber optic,No,No,Month-to-month,90.5,Yes
2,Fiber optic,No,No,Month-to-month,79,Yes
68,No,No internet service,No internet service,Two year,19.35,No
1,DSL,Yes,No,Month-to-month,48.75,No
65,Fiber optic,Yes,Yes,Two year,109.05,No
72,No,No internet service,No internet service,Two year,25,No
28,DSL,No,Yes,Month-to-month,54.9,No
72,No,No internet service,No internet service,Two year,24.75,No
2,Fiber optic,Yes,No,Month-to-month,91.15,No
18,No,No internet service,No internet service,One year,20.15,Yes
60,Fiber optic,No,No,One year,104.35,No
26,DSL,No,Yes,Month-to-month,66.05,No
1,Fiber optic,No,No,Month-to-month,71.65,Yes
4,No,No internet service,No internet service,Month-to-month,20.35,Yes
68,DSL,Yes,Yes,Two year,92.2,No
38,Fiber optic,No,Yes,Month-to-month,84.25,Yes
42,Fiber optic,Yes,No,One year,105.2,No
57,No,No internet service,No internet service,Two year,19.6,No
54,DSL,No,No,Month-to-month,30.4,No
12,Fiber optic,No,No,Month-to-month,78.1,Yes
44,DSL,Yes,No,One year,61.5,No
42,DSL,Yes,No,Month-to-month,69.4,No
72,No,No internet service,No internet service,Two year,24.75,No
71,DSL,Yes,Yes,Two year,91.05,No
19,Fiber optic,No,No,Month-to-month,89.65,Yes
23,DSL,No,Yes,Month-to-month,73.65,No
30,No,No internet service,No internet service,Two year,19.4,No
35,No,No internet service,No internet service,One year,26.2,No
10,Fiber optic,Yes,No,Month-to-month,98.7,Yes
1,DSL,No,No,Month-to-month,43.85,No
22,Fiber optic,No,No,Month-to-month,69.7,No
7,DSL,Yes,No,Two year,38.55,No
36,DSL,Yes,Yes,Two year,53.1,No
34,No,No internet service,No internet service,Month-to-month,20.65,No
72,DSL,Yes,No,Two year,64.45,No
36,No,No internet service,No internet service,Two year,25.1,No
1,Fiber optic,No,No,Month-to-month,76.35,Yes
23,Fiber optic,No,No,Month-to-month,79.15,Yes
32,Fiber optic,No,No,Month-to-month,85,Yes
71,Fiber optic,Yes,Yes,One year,95.15,No
23,Fiber optic,No,No,Month-to-month,79.35,No
17,Fiber optic,No,No,One year,96.65,No
1,DSL,No,Yes,Month-to-month,75.5,No
12,No,No internet service,No internet service,Two year,19.7,No
72,No,No internet service,No internet service,Two year,20.5,No
1,No,No internet service,No internet service,Month-to-month,19.2,No
72,Fiber optic,No,No,Two year,98.35,No
60,Fiber optic,No,No,Month-to-month,74.35,No
61,DSL,No,Yes,Two year,51.35,No
6,DSL,No,No,Month-to-month,45.65,No
32,Fiber optic,No,No,Month-to-month,85.3,Yes
31,Fiber optic,No,No,Month-to-month,86.55,Yes
19,Fiber optic,No,No,Month-to-month,73.85,Yes
72,No,No internet service,No internet service,Two year,20.3,No
32,DSL,No,No,Month-to-month,54.2,No
65,Fiber optic,No,No,Month-to-month,90.65,No
45,DSL,Yes,No,Month-to-month,50.9,No
42,No,No internet service,No internet service,One year,25.05,No
8,Fiber optic,No,No,Month-to-month,74.85,No
32,No,No internet service,No internet service,Two year,20.5,No
22,DSL,Yes,Yes,Month-to-month,63.55,No
57,DSL,No,No,Month-to-month,44.85,Yes
1,DSL,Yes,No,Month-to-month,47.95,No
1,DSL,No,No,Month-to-month,45.1,Yes
1,DSL,No,No,Month-to-month,45,No
24,Fiber optic,No,Yes,Month-to-month,96,Yes
1,No,No internet service,No internet service,Month-to-month,20.05,Yes
54,Fiber optic,No,No,Month-to-month,90.05,No
4,No,No internet service,No internet service,Two year,25.3,No
65,Fiber optic,Yes,Yes,Two year,108.65,Yes
56,No,No internet service,No internet service,One year,24.3,No
45,DSL,Yes,No,Month-to-month,75.95,No
71,No,No internet service,No internet service,Two year,19.7,No
59,DSL,Yes,No,One year,66.4,No
69,DSL,No,No,One year,35.75,No
19,No,No internet service,No internet service,One year,18.8,No
55,No,No internet service,No internet service,Two year,19.4,No
38,No,No internet service,No internet service,One year,19.3,No
10,DSL,No,No,Month-to-month,45.55,Yes
47,DSL,Yes,No,Month-to-month,67.45,No
2,DSL,No,No,Month-to-month,35.1,Yes
1,DSL,No,No,Month-to-month,46.2,Yes
1,DSL,No,No,Month-to-month,45.15,Yes
1,DSL,No,No,Month-to-month,43.3,Yes
46,No,No internet service,No internet service,Two year,20.1,No
38,DSL,Yes,No,Month-to-month,57.15,Yes
65,DSL,Yes,Yes,Two year,58.9,No
19,Fiber optic,Yes,No,Month-to-month,73.2,Yes
52,Fiber optic,No,No,Month-to-month,85.35,Yes
71,No,No internet service,No internet service,Two year,19.45,No
1,DSL,No,No,Month-to-month,45.95,Yes
52,DSL,No,Yes,Month-to-month,50.5,No
6,No,No internet service,No internet service,One year,25.1,No
26,DSL,No,No,One year,60.7,No
48,Fiber optic,No,No,One year,99,No
64,Fiber optic,Yes,Yes,One year,104.4,No
3,Fiber optic,No,No,Month-to-month,83.75,Yes
1,DSL,No,No,Month-to-month,44.05,No
72,No,No internet service,No internet service,Two year,24.1,No
1,DSL,No,No,Month-to-month,45.55,No
51,Fiber optic,Yes,No,Month-to-month,93.8,No
41,No,No internet service,No internet service,Two year,19.7,No
72,DSL,Yes,No,Two year,70.65,No
43,DSL,Yes,Yes,Two year,86.45,No
72,Fiber optic,Yes,Yes,Two year,114.1,No
47,Fiber optic,No,No,One year,95.2,No
72,DSL,Yes,Yes,Two year,88.55,No
3,No,No internet service,No internet service,Month-to-month,20.75,No
1,Fiber optic,No,No,Month-to-month,70.05,Yes
2,Fiber optic,No,No,Month-to-month,86,Yes
26,DSL,Yes,No,Month-to-month,44.65,No
29,DSL,Yes,No,Month-to-month,60.2,No
35,Fiber optic,Yes,Yes,Month-to-month,100.5,Yes
27,DSL,Yes,No,One year,55.45,No
24,DSL,Yes,Yes,Month-to-month,70.3,No
67,DSL,Yes,Yes,Two year,60.4,No
16,Fiber optic,No,No,Month-to-month,72.65,Yes
23,DSL,No,No,One year,55.8,No
14,DSL,No,No,Month-to-month,31.1,No
1,No,No internet service,No internet service,Month-to-month,21,Yes
1,DSL,No,No,Month-to-month,45.1,Yes
4,DSL,No,No,Month-to-month,50.95,No
16,DSL,Yes,No,Month-to-month,69.1,No
46,DSL,No,No,Month-to-month,43.95,No
68,DSL,Yes,Yes,Two year,86.5,No
38,DSL,Yes,Yes,Month-to-month,69.95,No
30,DSL,No,No,Month-to-month,50.4,Yes
5,Fiber optic,No,No,Month-to-month,78.95,Yes
17,Fiber optic,No,No,Month-to-month,90.95,No
4,No,No internet service,No internet service,Two year,19.9,No
12,No,No internet service,No internet service,One year,20.15,No
72,DSL,Yes,Yes,Two year,90.6,No
3,Fiber optic,No,No,Month-to-month,92,No
56,Fiber optic,No,Yes,Month-to-month,94.45,Yes
41,No,No internet service,No internet service,One year,24.85,No
40,DSL,No,Yes,One year,36,No
7,DSL,Yes,Yes,Month-to-month,78.5,No
69,No,No internet service,No internet service,Two year,19.95,No
7,No,No internet service,No internet service,One year,20.65,No
5,DSL,No,No,Month-to-month,30.5,No
72,Fiber optic,Yes,Yes,Two year,106.1,No
44,No,No internet service,No internet service,One year,20.5,No
65,Fiber optic,No,No,One year,95.5,No
3,DSL,No,Yes,Month-to-month,64.6,No
24,DSL,No,Yes,Month-to-month,51.1,No
44,Fiber optic,No,No,Month-to-month,84.8,Yes
72,DSL,Yes,Yes,Two year,89.1,No
24,DSL,Yes,Yes,Month-to-month,54.95,No
1,DSL,No,No,Month-to-month,50.9,Yes
22,No,No internet service,No internet service,Month-to-month,20.45,No
70,DSL,No,Yes,Two year,85.95,No
25,DSL,No,No,Month-to-month,60.35,No
37,No,No internet service,No internet service,Two year,19.8,No
22,Fiber optic,No,No,Month-to-month,85.35,No
59,DSL,No,Yes,Two year,72.1,No
49,Fiber optic,No,No,Month-to-month,99.8,Yes
47,Fiber optic,No,Yes,Month-to-month,107.35,Yes
31,No,No internet service,No internet service,Month-to-month,19.55,Yes
1,Fiber optic,No,No,Month-to-month,81.05,No
3,No,No internet service,No internet service,Month-to-month,20.5,No
53,Fiber optic,No,Yes,One year,111.8,No
1,No,No internet service,No internet service,Month-to-month,20.2,No
20,No,No internet service,No internet service,One year,19.7,No
3,Fiber optic,Yes,No,Month-to-month,79.1,Yes
51,No,No internet service,No internet service,One year,19.85,No
51,DSL,Yes,Yes,One year,60.5,No
13,No,No internet service,No internet service,Two year,19.55,No
1,No,No internet service,No internet service,Month-to-month,20.9,No
1,No,No internet service,No internet service,Month-to-month,21.05,No
63,DSL,Yes,Yes,One year,71.5,No
3,DSL,No,No,Month-to-month,54.65,No
46,No,No internet service,No internet service,Two year,19.2,No
1,DSL,No,No,Month-to-month,49.8,No
8,DSL,No,No,Month-to-month,25.5,Yes
71,No,No internet service,No internet service,Two year,20.5,No
55,Fiber optic,No,No,Month-to-month,90.4,No
70,Fiber optic,No,Yes,One year,90.25,No
2,Fiber optic,No,No,Month-to-month,80.75,Yes
67,Fiber optic,Yes,Yes,Two year,104.6,No
65,Fiber optic,No,No,Month-to-month,91.85,Yes
14,DSL,No,No,Month-to-month,50.2,No
20,Fiber optic,No,Yes,Month-to-month,95.5,No
1,Fiber optic,No,No,Month-to-month,75.35,Yes
1,Fiber optic,No,No,Month-to-month,75.45,Yes
49,Fiber optic,No,No,Month-to-month,95.4,No
72,Fiber optic,Yes,No,Two year,101.3,No
46,DSL,Yes,No,Month-to-month,53.1,No
24,Fiber optic,No,No,Month-to-month,84.85,No
5,DSL,No,Yes,Month-to-month,34.25,No
33,Fiber optic,No,Yes,Month-to-month,88.6,No
42,DSL,Yes,No,One year,60.15,No
23,Fiber optic,Yes,No,One year,99.95,No
8,Fiber optic,No,No,Month-to-month,70.7,No
66,DSL,Yes,No,One year,54.8,No
24,DSL,Yes,No,Month-to-month,49.55,Yes
24,DSL,No,No,Month-to-month,54.8,No
69,DSL,Yes,Yes,One year,78.6,Yes
53,Fiber optic,No,No,One year,100.3,No
60,DSL,Yes,No,Two year,53.6,No
7,Fiber optic,No,No,Month-to-month,81.1,Yes
20,No,No internet service,No internet service,One year,19.35,No
23,Fiber optic,No,No,Month-to-month,85.6,No
72,DSL,Yes,Yes,Two year,80.8,No
11,Fiber optic,No,No,Month-to-month,74.95,Yes
21,No,No internet service,No internet service,Two year,19.6,No
1,Fiber optic,No,No,Month-to-month,93.55,Yes
31,Fiber optic,No,No,Month-to-month,90.7,No
57,DSL,No,Yes,Two year,69.75,No
45,No,No internet service,No internet service,Two year,20,No
10,Fiber optic,No,No,Month-to-month,95.25,No
58,Fiber optic,No,Yes,Month-to-month,102.1,Yes
14,No,No internet service,No internet service,Month-to-month,19.95,No
27,DSL,Yes,Yes,One year,80.85,No
14,Fiber optic,No,No,Month-to-month,90.9,Yes
12,DSL,No,No,Month-to-month,29.2,Yes
69,Fiber optic,No,Yes,Two year,93.3,No
25,Fiber optic,No,No,Month-to-month,89.15,Yes
58,Fiber optic,Yes,No,One year,108.85,Yes
35,DSL,Yes,Yes,Two year,46.35,No
16,Fiber optic,No,No,Month-to-month,84.75,Yes
45,DSL,No,No,One year,78.75,No
17,Fiber optic,No,No,Month-to-month,83.55,No
1,DSL,No,No,Month-to-month,45.7,Yes
22,No,No internet service,No internet service,One year,19.6,No
1,Fiber optic,No,No,Month-to-month,69.95,Yes
67,DSL,Yes,Yes,Two year,67.85,No
67,Fiber optic,No,Yes,Two year,105.65,No
2,DSL,No,No,Month-to-month,44.6,Yes
23,Fiber optic,No,No,Month-to-month,74.95,Yes
9,Fiber optic,No,No,Month-to-month,75.5,No
5,No,No internet service,No internet service,Month-to-month,20.15,No
54,DSL,Yes,Yes,Two year,45.2,No
57,Fiber optic,No,No,Two year,95.25,Yes
24,Fiber optic,No,No,Month-to-month,89.85,Yes
49,Fiber optic,No,No,One year,100.45,Yes
5,DSL,No,No,Month-to-month,47.15,Yes
2,Fiber optic,No,No,Month-to-month,80.2,Yes
4,Fiber optic,No,Yes,Month-to-month,87.1,Yes
70,DSL,Yes,Yes,Two year,79.25,No
5,Fiber optic,No,No,Month-to-month,75.9,Yes
53,DSL,Yes,Yes,Month-to-month,85.7,No
47,Fiber optic,Yes,No,Month-to-month,98.75,Yes
31,No,No internet service,No internet service,One year,20.1,No
13,DSL,No,Yes,Month-to-month,61.8,No
28,DSL,No,No,Month-to-month,49.9,No
10,Fiber optic,No,No,Month-to-month,86.45,Yes
38,No,No internet service,No internet service,Two year,20.4,No
1,DSL,No,No,Month-to-month,45.3,Yes
67,Fiber optic,No,No,One year,104.1,Yes
52,DSL,Yes,No,One year,75.4,No
62,Fiber optic,Yes,Yes,Two year,108.15,No
16,Fiber optic,No,No,Month-to-month,86.25,No
5,Fiber optic,No,No,Month-to-month,81,Yes
12,Fiber optic,No,No,One year,95.7,No
72,Fiber optic,Yes,Yes,Two year,116.85,No
71,Fiber optic,No,Yes,One year,105.75,No
24,No,No internet service,No internet service,One year,20.15,No
15,No,No internet service,No internet service,Two year,19.6,No
67,Fiber optic,Yes,No,One year,90.6,Yes
2,DSL,Yes,No,Month-to-month,60.95,No
5,DSL,No,No,Month-to-month,25.05,No
15,Fiber optic,No,No,Month-to-month,88.15,Yes
1,No,No internet service,No internet service,Month-to-month,20.2,Yes
41,DSL,Yes,No,One year,60.3,No
43,DSL,Yes,No,Month-to-month,63.95,No
1,Fiber optic,No,No,Month-to-month,74.3,No
1,Fiber optic,No,No,Month-to-month,70.6,No
26,Fiber optic,No,No,Month-to-month,90.8,Yes
22,Fiber optic,No,No,Month-to-month,79.35,Yes
71,DSL,Yes,Yes,Two year,90.55,No
7,No,No internet service,No internet service,Two year,19.45,No
28,DSL,No,Yes,Month-to-month,64.45,No
16,Fiber optic,No,No,Month-to-month,69.65,No
7,No,No internet service,No internet service,One year,19.5,No
69,Fiber optic,No,Yes,Two year,110.5,No
1,DSL,No,No,Month-to-month,24.7,No
3,DSL,Yes,No,Month-to-month,77.4,No
21,Fiber optic,No,No,Month-to-month,96.8,Yes
69,Fiber optic,No,No,Month-to-month,85.4,No
71,DSL,Yes,Yes,Two year,47.6,No
69,No,No internet service,No internet service,Two year,19.4,No
48,Fiber optic,No,Yes,Month-to-month,103.85,No
47,Fiber optic,No,No,Month-to-month,83.35,Yes
2,DSL,No,No,Month-to-month,49.4,Yes
45,Fiber optic,Yes,Yes,Month-to-month,108.45,No
51,Fiber optic,No,No,Month-to-month,81,No
22,DSL,Yes,Yes,Month-to-month,79.2,Yes
72,DSL,Yes,Yes,Two year,86.65,No
37,Fiber optic,No,No,Month-to-month,92.95,No
71,DSL,Yes,Yes,Two year,90.35,No
7,DSL,No,No,Month-to-month,48.7,Yes
66,No,No internet service,No internet service,Two year,25.15,No
51,DSL,Yes,Yes,One year,76.4,No
30,No,No internet service,No internet service,One year,19.55,No
34,Fiber optic,No,No,Month-to-month,85.35,No
64,No,No internet service,No internet service,Two year,24.8,No
65,Fiber optic,No,No,One year,103.15,No
47,Fiber optic,Yes,Yes,Month-to-month,100.75,No
1,Fiber optic,Yes,No,Month-to-month,95.6,Yes
49,DSL,Yes,No,Month-to-month,59.75,Yes
67,Fiber optic,No,Yes,Two year,94.1,No
39,No,No internet service,No internet service,One year,19.35,No
14,No,No internet service,No internet service,Month-to-month,19.9,No
43,Fiber optic,Yes,Yes,Month-to-month,108.15,Yes
56,Fiber optic,No,No,Month-to-month,101.05,No
14,DSL,No,Yes,One year,59.1,No
1,Fiber optic,No,No,Month-to-month,71.35,Yes
16,DSL,Yes,No,One year,55.85,No
70,Fiber optic,Yes,No,Month-to-month,106.05,No
72,DSL,Yes,No,Two year,84.1,No
23,Fiber optic,No,No,Month-to-month,75.3,No
21,No,No internet service,No internet service,Month-to-month,24.7,No
1,No,No internet service,No internet service,Month-to-month,20.15,Yes
1,Fiber optic,No,No,Month-to-month,69.75,Yes
32,Fiber optic,No,No,Month-to-month,93.2,Yes
17,Fiber optic,No,No,Month-to-month,80.85,Yes
4,DSL,Yes,No,Month-to-month,33.65,Yes
36,DSL,No,No,One year,55.8,No
50,DSL,No,Yes,Two year,39.7,No
48,DSL,No,Yes,Month-to-month,29.5,No
50,No,No internet service,No internet service,Two year,20.15,No
72,DSL,Yes,Yes,Two year,79.55,No
10,No,No internet service,No internet service,Month-to-month,24.8,No
18,No,No internet service,No internet service,Month-to-month,19.65,No
1,Fiber optic,No,No,Month-to-month,79.95,Yes
1,No,No internet service,No internet service,Month-to-month,19.3,Yes
9,Fiber optic,No,No,Month-to-month,94.05,No
2,Fiber optic,Yes,No,Month-to-month,90.75,No
40,Fiber optic,No,Yes,Month-to-month,78.85,No
69,Fiber optic,No,No,One year,99.5,No
37,Fiber optic,Yes,Yes,One year,99.2,Yes
18,Fiber optic,No,No,Month-to-month,80.55,No
11,Fiber optic,No,No,Month-to-month,70.2,No
8,Fiber optic,No,No,Month-to-month,85.2,Yes
3,Fiber optic,No,No,Month-to-month,75.25,Yes
55,DSL,Yes,No,One year,59.45,No
33,Fiber optic,No,No,Month-to-month,93.35,No
46,DSL,No,No,Month-to-month,44.95,No
34,No,No internet service,No internet service,Two year,26.1,No
3,No,No internet service,No internet service,Month-to-month,20.2,No
30,No,No internet service,No internet service,Two year,21.25,No
33,DSL,Yes,Yes,One year,59.4,No
45,Fiber optic,No,No,One year,95,No
40,DSL,Yes,Yes,Month-to-month,61.9,No
71,Fiber optic,Yes,Yes,Two year,118.65,No
1,DSL,No,No,Month-to-month,54.35,Yes
72,DSL,Yes,Yes,Two year,64.45,No
22,Fiber optic,No,No,Month-to-month,80.15,No
46,No,No internet service,No internet service,One year,20.2,No
55,No,No internet service,No internet service,Two year,21,No
1,No,No internet service,No internet service,Month-to-month,20.45,No
12,DSL,No,Yes,One year,75.85,No
31,Fiber optic,No,No,Month-to-month,80.45,No
5,DSL,No,No,Month-to-month,24.95,Yes
67,DSL,Yes,No,Two year,75.5,No
1,DSL,No,No,Month-to-month,44.45,No
40,DSL,Yes,No,One year,42.35,Yes
41,DSL,Yes,No,Month-to-month,74.55,No
1,Fiber optic,No,No,Month-to-month,75.3,Yes
51,Fiber optic,Yes,No,One year,94.8,Yes
42,DSL,Yes,Yes,Two year,48.15,No
23,No,No internet service,No internet service,One year,19.65,No
1,Fiber optic,No,No,Month-to-month,70.55,Yes
1,No,No internet service,No internet service,Month-to-month,20.15,No
56,Fiber optic,Yes,No,Month-to-month,106.6,No
15,Fiber optic,No,No,Month-to-month,91,No
12,No,No internet service,No internet service,Two year,25.4,No
54,DSL,Yes,Yes,Two year,69.95,No
7,DSL,No,No,Month-to-month,66.85,No
33,Fiber optic,No,No,Month-to-month,86.15,Yes
16,No,No internet service,No internet service,Month-to-month,20.15,No
21,DSL,Yes,No,One year,64.85,No
30,DSL,No,No,Two year,74.85,No
3,DSL,No,Yes,Month-to-month,50.5,No
11,Fiber optic,No,No,Month-to-month,72.9,No
62,Fiber optic,Yes,Yes,One year,115.05,No
18,No,No internet service,No internet service,Month-to-month,19,No
6,No,No internet service,No internet service,Month-to-month,19.55,No
46,Fiber optic,No,No,One year,101.1,No
21,Fiber optic,No,No,Month-to-month,84.1,No
68,No,No internet service,No internet service,Two year,24.15,No
1,DSL,No,No,Month-to-month,50.1,No
25,Fiber optic,No,No,Month-to-month,74.6,No
24,No,No internet service,No internet service,Two year,19.75,No
30,Fiber optic,No,No,Month-to-month,85,Yes
2,Fiber optic,No,No,Month-to-month,80.55,Yes
51,Fiber optic,No,No,One year,106.8,No
57,DSL,Yes,Yes,Two year,84.5,No
15,No,No internet service,No internet service,Two year,25.05,No
72,DSL,Yes,Yes,Two year,83.7,No
2,Fiber optic,No,No,Month-to-month,75.8,Yes
28,Fiber optic,No,No,Month-to-month,96.6,No
29,Fiber optic,No,No,Month-to-month,98.5,Yes
70,Fiber optic,Yes,Yes,Two year,101.1,No
13,No,No internet service,No internet service,One year,20.2,No
59,Fiber optic,Yes,Yes,One year,94.05,No
13,Fiber optic,No,No,Month-to-month,95.25,Yes
7,Fiber optic,No,No,Month-to-month,74.4,Yes
62,DSL,Yes,Yes,Two year,81,No
21,DSL,Yes,Yes,One year,60.25,No
2,DSL,No,No,Month-to-month,60.85,No
1,DSL,No,No,Month-to-month,43.95,No
4,Fiber optic,No,No,Month-to-month,86.05,No
19,No,No internet service,No internet service,One year,20.25,No
30,Fiber optic,No,Yes,Month-to-month,85.15,Yes
67,No,No internet service,No internet service,Two year,19.4,No
72,Fiber optic,Yes,No,Two year,102.65,No
53,No,No internet service,No internet service,Two year,19.9,No
5,No,No internet service,No internet service,One year,19.55,No
71,Fiber optic,No,Yes,Two year,95.5,No
50,DSL,No,Yes,One year,84.15,No
56,Fiber optic,No,Yes,Two year,103.2,No
2,DSL,No,Yes,Month-to-month,50.2,No
2,Fiber optic,No,No,Month-to-month,88.55,Yes
24,DSL,Yes,No,Month-to-month,54.75,Yes
46,No,No internet service,No internet service,Two year,19.95,No
71,Fiber optic,Yes,Yes,Two year,116.25,No
29,DSL,No,Yes,Month-to-month,31.2,No
69,No,No internet service,No internet service,Two year,24.45,No
71,DSL,No,Yes,Two year,84.2,No
1,Fiber optic,No,No,Month-to-month,91.3,Yes
56,DSL,Yes,Yes,Two year,85.65,No
56,No,No internet service,No internet service,One year,21.2,No
1,Fiber optic,No,No,Month-to-month,79.5,Yes
28,No,No internet service,No internet service,One year,25.55,No
19,No,No internet service,No internet service,Month-to-month,20.2,No
66,DSL,No,Yes,Month-to-month,63.85,No
17,DSL,No,Yes,One year,61.95,No
52,No,No internet service,No internet service,Two year,25.75,No
19,DSL,No,No,One year,58.2,No
36,DSL,Yes,Yes,One year,85.85,No
7,Fiber optic,No,No,Month-to-month,70.1,Yes
72,Fiber optic,Yes,Yes,One year,104.9,No
67,Fiber optic,Yes,No,One year,111.3,Yes
34,Fiber optic,No,No,One year,99.85,No
57,Fiber optic,No,No,Month-to-month,95.25,Yes
7,Fiber optic,No,No,Month-to-month,86.25,Yes
1,Fiber optic,No,No,Month-to-month,100.8,Yes
8,No,No internet service,No internet service,Month-to-month,19.55,No
69,Fiber optic,No,Yes,Two year,104,No
50,Fiber optic,Yes,No,One year,104.4,No
10,No,No internet service,No internet service,One year,19.5,No
12,No,No internet service,No internet service,Two year,25.25,No
14,Fiber optic,No,No,Month-to-month,86.3,Yes
70,DSL,Yes,Yes,Two year,49.85,No
64,Fiber optic,Yes,Yes,Month-to-month,108.95,No
66,DSL,Yes,Yes,Two year,89.9,No
71,DSL,Yes,Yes,Two year,82,No
20,Fiber optic,No,No,Month-to-month,89.95,No
72,DSL,Yes,Yes,Two year,79.35,No
71,DSL,Yes,Yes,Two year,64.05,No
38,Fiber optic,No,No,Month-to-month,101.15,No
28,Fiber optic,No,No,Month-to-month,89.95,Yes
17,Fiber optic,No,No,Month-to-month,76.45,Yes
33,DSL,No,No,One year,39.1,No
23,DSL,Yes,Yes,Two year,34.6,No
58,No,No internet service,No internet service,One year,19.55,No
70,Fiber optic,No,Yes,Two year,104.45,No
4,Fiber optic,No,No,Month-to-month,70.5,No
45,No,No internet service,No internet service,Two year,20.35,No
10,Fiber optic,No,No,Month-to-month,70,Yes
36,No,No internet service,No internet service,Two year,19.45,No
54,DSL,Yes,Yes,Month-to-month,69.9,No
23,DSL,No,Yes,Two year,59.7,No
41,DSL,Yes,No,One year,78.35,No
5,Fiber optic,No,No,Month-to-month,71.45,No
27,DSL,No,No,One year,45.85,No
1,Fiber optic,No,Yes,Month-to-month,95.85,No
67,DSL,Yes,Yes,Two year,35.7,No
72,DSL,Yes,Yes,Two year,89.55,No
56,No,No internet service,No internet service,Two year,24.95,No
44,No,No internet service,No internet service,One year,24.85,No
66,Fiber optic,No,No,Month-to-month,100.8,No
34,DSL,Yes,Yes,One year,64.4,Yes
69,Fiber optic,No,Yes,Two year,105.35,No
1,Fiber optic,Yes,No,Month-to-month,102.45,Yes
40,No,No internet service,No internet service,Two year,19.65,No
30,DSL,Yes,No,Month-to-month,54.45,No
11,DSL,No,Yes,Month-to-month,70.5,No
15,No,No internet service,No internet service,One year,20.1,No
11,DSL,No,No,Month-to-month,69.35,No
64,No,No internet service,No internet service,One year,19.8,No
72,DSL,Yes,Yes,Two year,74.4,No
72,Fiber optic,Yes,Yes,Two year,93.05,No
1,DSL,Yes,No,Month-to-month,51.2,No
15,DSL,Yes,Yes,One year,65.6,No
60,DSL,No,Yes,One year,80.55,No
56,DSL,Yes,No,One year,52.7,No
8,No,No internet service,No internet service,Two year,20.85,No
3,Fiber optic,No,Yes,Month-to-month,80.1,Yes
49,DSL,No,No,Month-to-month,52.15,No
2,Fiber optic,No,No,Month-to-month,80.2,Yes
6,Fiber optic,Yes,Yes,Month-to-month,98.15,Yes
70,Fiber optic,Yes,Yes,Two year,114.95,No
12,Fiber optic,No,Yes,Month-to-month,112.95,Yes
52,Fiber optic,Yes,Yes,One year,104.45,No
72,Fiber optic,Yes,Yes,Two year,113.65,No
40,No,No internet service,No internet service,Two year,20.6,No
1,Fiber optic,No,No,Month-to-month,70.9,Yes
3,Fiber optic,No,No,Month-to-month,86.85,Yes
40,Fiber optic,No,No,Month-to-month,91.55,No
1,DSL,No,No,Month-to-month,49.85,No
30,No,No internet service,No internet service,One year,19.8,No
23,Fiber optic,Yes,Yes,Month-to-month,99.85,Yes
1,Fiber optic,No,No,Month-to-month,74.5,Yes
44,Fiber optic,No,Yes,Month-to-month,104.15,No
65,Fiber optic,No,Yes,Month-to-month,109.15,Yes
7,DSL,Yes,No,Month-to-month,48.2,No
72,No,No internet service,No internet service,Two year,25.1,No
8,Fiber optic,No,Yes,Month-to-month,100.15,No
16,DSL,No,No,Month-to-month,65.2,Yes
66,Fiber optic,No,No,Month-to-month,99.5,Yes
1,Fiber optic,No,No,Month-to-month,71.55,Yes
3,DSL,Yes,No,Month-to-month,55.9,No
53,Fiber optic,Yes,No,Month-to-month,93.9,Yes
8,DSL,No,Yes,Month-to-month,64.4,No
69,Fiber optic,No,Yes,Two year,108.4,Yes
5,Fiber optic,No,No,Month-to-month,85.3,No
72,Fiber optic,Yes,Yes,Two year,107.45,No
13,DSL,No,No,Month-to-month,48.75,Yes
4,Fiber optic,No,No,Month-to-month,85.65,Yes
54,DSL,Yes,Yes,Two year,91.3,No
72,DSL,No,Yes,Two year,85.95,No
12,Fiber optic,No,No,Month-to-month,106.7,Yes
1,DSL,No,No,Month-to-month,25.15,Yes
1,DSL,No,No,Month-to-month,45.2,No
54,Fiber optic,No,Yes,One year,110.35,Yes
69,Fiber optic,No,No,Two year,79.2,No
48,DSL,Yes,No,Two year,55.5,No
48,Fiber optic,Yes,No,One year,103.25,Yes
8,Fiber optic,No,Yes,Month-to-month,90.25,No
71,DSL,Yes,Yes,Two year,91.25,No
2,DSL,Yes,No,Month-to-month,47.8,Yes
67,Fiber optic,Yes,No,One year,100.9,No
34,Fiber optic,No,No,Month-to-month,97.7,No
3,Fiber optic,No,No,Month-to-month,69.85,No
9,DSL,No,Yes,One year,65.6,No
71,Fiber optic,Yes,No,One year,104.65,No
57,Fiber optic,No,Yes,Two year,90.45,No
72,DSL,Yes,Yes,Two year,63.7,No
48,Fiber optic,Yes,Yes,Month-to-month,104.5,No
18,No,No internet service,No internet service,One year,20.1,No
43,Fiber optic,No,Yes,One year,104.3,No
72,DSL,Yes,Yes,Two year,93.25,No
35,DSL,No,Yes,One year,73.45,No
4,No,No internet service,No internet service,Month-to-month,20.7,No
49,No,No internet service,No internet service,Two year,25.25,No
71,Fiber optic,Yes,No,Two year,100.5,No
11,Fiber optic,No,No,Month-to-month,90.6,No
63,DSL,Yes,Yes,Two year,89.4,No
65,Fiber optic,No,No,Month-to-month,95.45,No
49,No,No internet service,No internet service,Two year,20.45,No
29,Fiber optic,No,No,Month-to-month,98.6,Yes
15,Fiber optic,No,Yes,Month-to-month,83.05,Yes
4,No,No internet service,No internet service,Month-to-month,19.95,No
72,Fiber optic,No,Yes,One year,109.15,No
26,Fiber optic,No,No,Month-to-month,85.7,No
35,Fiber optic,No,No,Month-to-month,102.05,No
57,Fiber optic,No,Yes,One year,94.7,No
28,DSL,No,No,Month-to-month,64.4,No
25,No,No internet service,No internet service,One year,26.8,No
47,DSL,Yes,No,One year,66.05,No
57,DSL,Yes,Yes,Month-to-month,65.2,No
16,Fiber optic,No,No,Month-to-month,85.05,No
5,DSL,Yes,No,Month-to-month,55.8,No
17,Fiber optic,No,No,Month-to-month,70.4,Yes
56,Fiber optic,No,No,One year,104.75,Yes
72,No,No internet service,No internet service,Two year,19.95,No
21,Fiber optic,No,No,Month-to-month,94.25,Yes
48,DSL,Yes,No,One year,45,No
68,Fiber optic,Yes,Yes,Two year,114.9,No
30,Fiber optic,Yes,Yes,Month-to-month,106.4,No
3,DSL,No,No,Month-to-month,46.1,No
14,DSL,Yes,Yes,Two year,39.7,No
4,No,No internet service,No internet service,Month-to-month,20.05,No
71,Fiber optic,No,No,Two year,95.75,No
8,No,No internet service,No internet service,One year,24.4,No
61,DSL,Yes,No,Month-to-month,33.6,No
72,Fiber optic,No,Yes,Two year,90.45,No
5,Fiber optic,No,No,Month-to-month,84,No
49,DSL,Yes,Yes,Two year,67.4,No
8,No,No internet service,No internet service,Month-to-month,19.7,No
3,Fiber optic,No,No,Month-to-month,80.35,No
9,No,No internet service,No internet service,Two year,19.6,No
67,DSL,Yes,No,Two year,54.2,No
46,DSL,No,No,Month-to-month,45.2,No
67,DSL,Yes,No,One year,75.1,No
55,No,No internet service,No internet service,One year,19.7,No
33,DSL,Yes,No,Month-to-month,72.75,No
62,No,No internet service,No internet service,Two year,20.05,No
1,DSL,No,No,Month-to-month,45.95,Yes
49,DSL,Yes,No,Month-to-month,39.2,No
1,DSL,No,No,Month-to-month,44.75,No
14,Fiber optic,No,No,Month-to-month,82.65,No
18,Fiber optic,No,Yes,Month-to-month,93.9,No
1,Fiber optic,No,No,Month-to-month,70.15,Yes
1,Fiber optic,No,No,Month-to-month,85.55,Yes
72,Fiber optic,Yes,Yes,Two year,117.15,No
64,Fiber optic,Yes,Yes,Two year,99.25,No
69,Fiber optic,Yes,Yes,Two year,112.55,No
1,No,No internet service,No internet service,Month-to-month,25.7,No
71,DSL,Yes,Yes,Two year,90.3,No
66,DSL,No,Yes,One year,49.4,No
2,No,No internet service,No internet service,Month-to-month,19.4,No
71,Fiber optic,Yes,Yes,Two year,109.7,No
11,DSL,No,No,One year,61.25,No
47,DSL,Yes,No,Month-to-month,55.3,No
35,Fiber optic,No,No,Month-to-month,70.3,Yes
32,Fiber optic,No,No,Month-to-month,106.35,Yes
60,Fiber optic,No,Yes,Month-to-month,103.75,No
11,No,No internet service,No internet service,One year,19.5,No
29,DSL,Yes,Yes,One year,39.5,No
21,DSL,No,No,Month-to-month,26.05,No
48,Fiber optic,No,No,Month-to-month,91.05,No
3,DSL,No,No,Month-to-month,29.65,No
43,DSL,No,No,Month-to-month,50.2,No
5,Fiber optic,No,No,Month-to-month,105.3,No
1,DSL,No,No,Month-to-month,55.45,No
71,DSL,Yes,Yes,One year,85.45,No
8,No,No internet service,No internet service,One year,19.8,No
8,DSL,No,No,Month-to-month,59.25,No
20,Fiber optic,No,No,Month-to-month,90.7,No
33,Fiber optic,Yes,No,One year,103.7,Yes
71,Fiber optic,No,No,One year,79.05,No
31,Fiber optic,No,No,One year,90.7,No
38,Fiber optic,Yes,No,One year,95,No
1,Fiber optic,No,No,Month-to-month,88.35,Yes
2,DSL,No,No,Month-to-month,30.25,No
12,DSL,No,No,Month-to-month,49.85,No
9,Fiber optic,Yes,Yes,Month-to-month,93,No
11,DSL,No,Yes,Month-to-month,54.55,No
6,No,No internet service,No internet service,Month-to-month,19.7,No
71,DSL,Yes,Yes,One year,84.8,No
42,Fiber optic,Yes,No,One year,94.45,No
8,Fiber optic,No,No,Month-to-month,94.2,Yes
5,Fiber optic,No,No,Month-to-month,96.25,Yes
2,Fiber optic,No,No,Month-to-month,70.7,Yes
45,No,No internet service,No internet service,Two year,20.85,No
28,DSL,No,Yes,One year,60,No
43,Fiber optic,No,No,Month-to-month,80.45,No
60,DSL,Yes,Yes,Two year,84.95,No
42,DSL,No,Yes,One year,33.55,Yes
7,DSL,Yes,Yes,Two year,49.65,No
25,No,No internet service,No internet service,One year,20.2,No
40,Fiber optic,No,No,Month-to-month,94.55,Yes
27,Fiber optic,No,No,One year,100.5,No
10,DSL,No,Yes,Month-to-month,35.75,No
27,Fiber optic,No,No,Month-to-month,86.45,No
11,DSL,No,Yes,One year,53.8,No
4,DSL,Yes,No,Month-to-month,38.55,No
68,DSL,No,No,Month-to-month,39.9,No
1,Fiber optic,No,No,Month-to-month,70.05,No
18,No,No internet service,No internet service,One year,20.1,No
57,Fiber optic,Yes,No,Two year,112.95,Yes
26,No,No internet service,No internet service,Month-to-month,20.3,No
17,DSL,No,No,Month-to-month,35.65,No
1,DSL,No,No,Month-to-month,35.9,Yes
38,Fiber optic,No,No,Month-to-month,99.25,Yes
59,Fiber optic,Yes,No,One year,82.95,No
30,DSL,Yes,No,Two year,55.65,No
2,DSL,No,No,Month-to-month,24.45,Yes
50,No,No internet service,No internet service,One year,25.2,No
9,DSL,Yes,Yes,One year,50.8,No
3,No,No internet service,No internet service,Month-to-month,19.65,No
14,DSL,No,No,Month-to-month,59.8,No
31,Fiber optic,Yes,No,Month-to-month,73.55,No
7,DSL,Yes,No,Month-to-month,61.4,No
8,Fiber optic,Yes,Yes,Month-to-month,103.35,Yes
17,No,No internet service,No internet service,One year,19.9,No
32,No,No internet service,No internet service,Month-to-month,19.45,No
2,Fiber optic,No,No,Month-to-month,81.5,No
7,Fiber optic,No,No,Month-to-month,84.8,Yes
72,Fiber optic,Yes,No,Two year,109.55,No
31,Fiber optic,No,No,Month-to-month,99.95,Yes
27,Fiber optic,Yes,No,Month-to-month,74.4,No
18,Fiber optic,No,No,Month-to-month,90,Yes
7,Fiber optic,No,No,Month-to-month,74.9,No
14,Fiber optic,No,No,Month-to-month,104.85,Yes
11,DSL,No,No,Month-to-month,59.65,No
72,Fiber optic,Yes,Yes,Two year,110.45,No
28,Fiber optic,Yes,No,One year,106.1,Yes
15,Fiber optic,No,No,Month-to-month,74.2,Yes
4,Fiber optic,No,No,Month-to-month,74.45,No
71,No,No internet service,No internet service,Two year,24.55,No
5,Fiber optic,No,Yes,Month-to-month,89.35,Yes
47,No,No internet service,No internet service,Two year,24.55,No
57,Fiber optic,No,No,One year,90.65,No
50,Fiber optic,Yes,No,Two year,105.05,No
8,No,No internet service,No internet service,Month-to-month,20.45,No
48,No,No internet service,No internet service,Two year,19.55,No
70,No,No internet service,No internet service,One year,19.7,No
1,DSL,Yes,Yes,Month-to-month,70.45,No
8,Fiber optic,No,No,Month-to-month,85.65,No
1,Fiber optic,No,No,Month-to-month,77.15,Yes
1,DSL,No,No,Month-to-month,35.25,Yes
60,No,No internet service,No internet service,Two year,20.55,No
49,Fiber optic,No,Yes,One year,97.95,No
4,DSL,No,No,Month-to-month,48.55,Yes
29,No,No internet service,No internet service,One year,20,No
67,No,No internet service,No internet service,Two year,25.25,No
53,Fiber optic,No,No,Month-to-month,98.4,Yes
67,DSL,Yes,Yes,Two year,70.9,No
6,No,No internet service,No internet service,Month-to-month,19.85,No
47,Fiber optic,No,No,Month-to-month,106.35,No
53,Fiber optic,Yes,Yes,Two year,99.5,No
69,DSL,Yes,Yes,Two year,84.7,No
3,Fiber optic,Yes,No,Month-to-month,86.05,No
4,DSL,No,No,Month-to-month,44.55,No
56,DSL,Yes,Yes,Two year,75.85,No
59,Fiber optic,No,No,Month-to-month,93.85,Yes
61,No,No internet service,No internet service,Two year,25,No
2,DSL,No,No,Month-to-month,45,No
46,Fiber optic,Yes,No,Month-to-month,100.7,Yes
12,No,No internet service,No internet service,Month-to-month,20.5,No
14,Fiber optic,No,No,Month-to-month,80.45,Yes
28,Fiber optic,No,Yes,One year,90.45,No
24,DSL,Yes,Yes,Month-to-month,60.45,No
31,DSL,No,Yes,Month-to-month,55.25,Yes
68,DSL,Yes,Yes,One year,78.45,No
39,Fiber optic,No,Yes,Two year,100.55,No
42,No,No internet service,No internet service,Month-to-month,20.35,No
13,DSL,Yes,Yes,Month-to-month,54.45,Yes
6,Fiber optic,No,No,Month-to-month,90.75,No
35,Fiber optic,No,No,Month-to-month,75.35,Yes
38,No,No internet service,No internet service,One year,20.25,No
18,No,No internet service,No internet service,Two year,20.05,No
4,No,No internet service,No internet service,Month-to-month,19.6,No
27,DSL,No,Yes,Month-to-month,53.8,No
41,DSL,Yes,No,One year,70.2,No
50,DSL,Yes,Yes,One year,75.5,No
72,No,No internet service,No internet service,Two year,20.35,No
70,No,No internet service,No internet service,One year,26.05,No
44,No,No internet service,No internet service,One year,20.6,No
2,Fiber optic,Yes,No,Month-to-month,75.7,Yes
34,No,No internet service,No internet service,One year,20.1,No
72,No,No internet service,No internet service,Two year,24.3,No
71,No,No internet service,No internet service,Two year,24.5,No
64,Fiber optic,No,Yes,Two year,110.5,No
72,No,No internet service,No internet service,Two year,25.25,No
1,Fiber optic,No,No,Month-to-month,74.25,Yes
29,Fiber optic,Yes,No,One year,90.1,No
23,DSL,Yes,Yes,One year,68.75,No
52,No,No internet service,No internet service,Two year,19.2,No
25,Fiber optic,No,No,Month-to-month,89.7,Yes
64,Fiber optic,Yes,Yes,Two year,115.1,No
16,Fiber optic,No,No,Month-to-month,96.4,Yes
1,Fiber optic,No,No,Month-to-month,69.5,Yes
24,Fiber optic,No,No,Month-to-month,99.65,No
2,Fiber optic,No,No,Month-to-month,91.45,No
34,DSL,Yes,Yes,Two year,84.75,No
36,Fiber optic,No,No,Month-to-month,85.25,Yes
53,DSL,No,Yes,One year,78.75,No
47,No,No internet service,No internet service,Two year,20.25,No
72,No,No internet service,No internet service,Two year,19.9,No
72,Fiber optic,Yes,Yes,Two year,97.75,No
1,No,No internet service,No internet service,Month-to-month,19.4,Yes
9,Fiber optic,No,No,Month-to-month,83.3,Yes
8,Fiber optic,No,No,Month-to-month,80.1,Yes
45,DSL,Yes,No,One year,62.7,Yes
7,Fiber optic,No,Yes,Month-to-month,100.4,No
71,No,No internet service,No internet service,Two year,24.45,No
41,Fiber optic,No,Yes,One year,101.1,No
67,DSL,Yes,No,Two year,50.9,No
69,Fiber optic,Yes,Yes,One year,107.2,No
70,DSL,Yes,Yes,Two year,92.2,No
25,No,No internet service,No internet service,One year,25.3,Yes
72,Fiber optic,Yes,Yes,Two year,113.4,No
34,DSL,No,Yes,Two year,40.55,No
65,No,No internet service,No internet service,Two year,26,No
70,Fiber optic,Yes,Yes,Two year,111.95,No
72,DSL,Yes,No,Two year,53.8,No
35,DSL,No,Yes,One year,72.1,No
13,Fiber optic,Yes,No,Month-to-month,98.15,Yes
12,DSL,Yes,No,One year,78.85,No
62,DSL,Yes,Yes,One year,70.75,No
25,DSL,Yes,Yes,Month-to-month,76.15,No
52,DSL,Yes,Yes,Two year,39.1,No
8,Fiber optic,No,No,Month-to-month,69.95,No
2,No,No internet service,No internet service,Month-to-month,20.05,No
56,No,No internet service,No internet service,Two year,20.05,No
12,No,No internet service,No internet service,Month-to-month,19.45,No
47,No,No internet service,No internet service,One year,26.9,No
2,No,No internet service,No internet service,Month-to-month,19.2,No
18,DSL,No,No,Month-to-month,50,No
8,DSL,Yes,No,Month-to-month,60,No
45,Fiber optic,Yes,No,Month-to-month,84.55,No
3,DSL,No,No,Month-to-month,45.45,No
38,No,No internet service,No internet service,One year,20.05,No
72,Fiber optic,Yes,Yes,Two year,115.55,No
46,Fiber optic,Yes,No,Month-to-month,93.7,Yes
71,Fiber optic,Yes,No,Two year,99,No
66,DSL,No,Yes,Two year,50.55,No
25,Fiber optic,No,No,Month-to-month,105.95,Yes
18,DSL,No,Yes,One year,82,Yes
13,No,No internet service,No internet service,Two year,25,No
65,DSL,Yes,Yes,Two year,91.55,No
60,Fiber optic,No,No,Month-to-month,95.75,Yes
15,No,No internet service,No internet service,Two year,19.35,No
72,No,No internet service,No internet service,Two year,24.85,No
30,Fiber optic,No,No,Month-to-month,94.05,Yes
42,Fiber optic,No,Yes,Two year,100.4,No
71,No,No internet service,No internet service,Two year,25,No
1,DSL,No,No,Month-to-month,54.75,Yes
39,Fiber optic,No,No,Month-to-month,95.65,Yes
35,No,No internet service,No internet service,Month-to-month,19.25,No
53,Fiber optic,No,Yes,Month-to-month,108.25,No
1,Fiber optic,No,No,Month-to-month,94.6,Yes
31,Fiber optic,No,Yes,Month-to-month,98.9,Yes
48,No,No internet service,No internet service,Two year,20.15,No
30,Fiber optic,No,Yes,Month-to-month,101.3,No
10,No,No internet service,No internet service,Month-to-month,20,No
12,Fiber optic,No,No,Month-to-month,105.3,No
57,DSL,Yes,Yes,Two year,69.85,No
58,DSL,Yes,No,Month-to-month,65.25,No
37,No,No internet service,No internet service,Two year,19.8,No
44,No,No internet service,No internet service,Month-to-month,19.6,No
27,No,No internet service,No internet service,One year,20.05,No
8,DSL,No,Yes,Month-to-month,49.4,No
3,Fiber optic,No,No,Month-to-month,76.05,Yes
25,Fiber optic,No,No,Month-to-month,88.4,No
57,Fiber optic,No,No,Month-to-month,100.6,No
12,No,No internet service,No internet service,Month-to-month,19.45,No
62,No,No internet service,No internet service,Two year,20.3,No
65,Fiber optic,No,Yes,Two year,107.65,No
71,DSL,No,Yes,Two year,80.45,No
21,DSL,No,No,One year,58.85,No
71,Fiber optic,Yes,No,One year,109.6,No
7,Fiber optic,No,No,Month-to-month,75.15,No
72,DSL,Yes,Yes,Two year,73,No
1,Fiber optic,No,No,Month-to-month,70.1,No
72,Fiber optic,No,Yes,Two year,98.65,No
64,Fiber optic,No,Yes,One year,111.45,No
72,Fiber optic,Yes,Yes,Two year,114.9,No
29,Fiber optic,No,No,Month-to-month,100.55,No
13,No,No internet service,No internet service,Two year,20.4,No
31,Fiber optic,Yes,No,Month-to-month,104.35,No
1,Fiber optic,No,No,Month-to-month,69.75,Yes
7,DSL,Yes,Yes,Month-to-month,34.5,Yes
61,Fiber optic,No,No,Month-to-month,105.55,Yes
39,DSL,No,No,Month-to-month,30.1,Yes
10,Fiber optic,No,No,Month-to-month,70.3,Yes
14,DSL,No,Yes,Month-to-month,80.45,No
1,Fiber optic,No,No,Month-to-month,80.2,Yes
67,Fiber optic,Yes,Yes,One year,94.35,Yes
72,DSL,Yes,Yes,Two year,91.35,No
6,DSL,No,No,Month-to-month,44.6,Yes
1,No,No internet service,No internet service,Month-to-month,19.6,Yes
25,No,No internet service,No internet service,One year,19.9,No
33,Fiber optic,No,Yes,Month-to-month,110.45,Yes
18,DSL,Yes,Yes,Month-to-month,68.35,No
71,DSL,No,Yes,Two year,79.1,No
28,DSL,No,No,One year,51,No
2,Fiber optic,Yes,No,Month-to-month,80.55,No
17,DSL,No,Yes,Month-to-month,66.7,No
56,Fiber optic,Yes,No,Month-to-month,86.4,No
60,DSL,Yes,No,One year,50.05,No
33,No,No internet service,No internet service,Two year,25.7,No
1,Fiber optic,Yes,Yes,Month-to-month,83.4,No
2,Fiber optic,No,No,Month-to-month,70.7,Yes
63,Fiber optic,Yes,Yes,Two year,84.65,No
7,Fiber optic,No,No,Month-to-month,99.25,Yes
55,DSL,No,No,Two year,64.75,No
65,Fiber optic,Yes,Yes,One year,100.15,No
1,Fiber optic,No,Yes,Month-to-month,84.8,Yes
63,No,No internet service,No internet service,Two year,25.25,No
70,Fiber optic,Yes,Yes,Two year,113,No
36,DSL,Yes,Yes,Two year,40.65,No
52,Fiber optic,No,Yes,One year,105,Yes
22,DSL,Yes,No,Month-to-month,54.45,Yes
22,Fiber optic,No,Yes,Month-to-month,94.95,No
5,DSL,Yes,Yes,Month-to-month,59.9,No
47,Fiber optic,No,No,Month-to-month,85.3,Yes
33,Fiber optic,No,No,Month-to-month,83.35,Yes
18,DSL,No,No,Month-to-month,33.5,Yes
1,No,No internet service,No internet service,Month-to-month,19.8,No
56,DSL,No,Yes,Two year,81.8,No
2,No,No internet service,No internet service,Month-to-month,20,No
35,DSL,Yes,No,Month-to-month,59.6,No
64,No,No internet service,No internet service,Two year,25,No
15,Fiber optic,Yes,No,Month-to-month,84.35,No
24,Fiber optic,No,No,Month-to-month,90.35,Yes
1,DSL,No,No,Month-to-month,55.55,No
70,DSL,Yes,Yes,Two year,75.35,No
1,Fiber optic,No,No,Month-to-month,90.75,Yes
4,Fiber optic,No,No,Month-to-month,89.6,Yes
39,DSL,No,Yes,One year,59.3,No
29,DSL,Yes,No,Month-to-month,66.1,No
14,No,No internet service,No internet service,Two year,18.8,No
61,DSL,Yes,Yes,Two year,86.45,No
13,DSL,Yes,No,Month-to-month,52.1,No
66,DSL,Yes,Yes,Two year,47.4,No
2,DSL,No,No,Month-to-month,49.25,Yes
59,Fiber optic,Yes,No,One year,109.15,No
62,Fiber optic,Yes,No,One year,94.95,No
33,Fiber optic,Yes,Yes,One year,93.55,No
66,DSL,No,Yes,Two year,79.5,No
72,Fiber optic,Yes,Yes,Two year,115.05,No
1,No,No internet service,No internet service,Month-to-month,19.75,Yes
19,Fiber optic,Yes,No,Month-to-month,95.15,Yes
51,Fiber optic,Yes,Yes,One year,95.15,No
63,Fiber optic,No,Yes,Month-to-month,105.4,No
27,No,No internet service,No internet service,One year,20.1,No
22,Fiber optic,Yes,No,Month-to-month,101.35,Yes
4,No,No internet service,No internet service,Month-to-month,20.05,No
42,No,No internet service,No internet service,Two year,20.7,No
29,No,No internet service,No internet service,One year,20.35,No
4,Fiber optic,No,No,Month-to-month,70.05,Yes
30,No,No internet service,No internet service,One year,19.7,No
4,Fiber optic,No,No,Month-to-month,74.65,Yes
71,DSL,Yes,Yes,Two year,85.45,No
46,DSL,Yes,Yes,Two year,40.4,No
4,DSL,No,No,Month-to-month,50.4,Yes
7,Fiber optic,Yes,No,Month-to-month,79.65,Yes
69,Fiber optic,No,Yes,One year,105.2,No
72,Fiber optic,Yes,No,Two year,100.65,No
19,Fiber optic,No,No,Month-to-month,79.85,Yes
28,Fiber optic,No,Yes,Month-to-month,91,No
5,Fiber optic,No,No,Month-to-month,78.75,Yes
72,Fiber optic,Yes,Yes,Two year,116.75,No
8,Fiber optic,No,No,Month-to-month,80.45,Yes
7,DSL,Yes,No,One year,59.1,No
22,DSL,Yes,No,Month-to-month,49.8,No
72,No,No internet service,No internet service,Two year,19.3,No
8,No,No internet service,No internet service,Month-to-month,19.65,No
52,DSL,Yes,Yes,One year,81.4,No
68,DSL,Yes,Yes,Two year,38.9,No
71,DSL,Yes,Yes,Two year,87.95,No
2,No,No internet service,No internet service,Month-to-month,19.85,No
34,Fiber optic,No,Yes,Month-to-month,96.35,No
35,DSL,No,No,Month-to-month,24.15,No
61,No,No internet service,No internet service,One year,19.1,No
1,DSL,No,No,Month-to-month,44,No
1,DSL,No,No,Month-to-month,50.1,Yes
53,DSL,No,No,One year,60.6,No
72,No,No internet service,No internet service,Two year,25.65,No
2,Fiber optic,No,No,Month-to-month,76.4,Yes
3,Fiber optic,No,Yes,Month-to-month,98.7,Yes
13,Fiber optic,Yes,No,Month-to-month,100.8,Yes
41,DSL,No,No,Month-to-month,53.95,No
24,No,No internet service,No internet service,One year,20.4,No
28,Fiber optic,No,No,One year,90.1,Yes
8,DSL,Yes,No,Month-to-month,29.35,No
1,No,No internet service,No internet service,Month-to-month,20.45,No
54,Fiber optic,No,Yes,Two year,95.1,No
41,No,No internet service,No internet service,Month-to-month,25.25,No
19,DSL,No,No,Month-to-month,44.9,No
72,DSL,Yes,Yes,Two year,92.65,No
62,DSL,Yes,Yes,Two year,43.7,No
56,DSL,Yes,Yes,Two year,72.6,No
15,DSL,No,No,Month-to-month,51.55,Yes
10,Fiber optic,No,No,Month-to-month,79.25,Yes
32,No,No internet service,No internet service,Two year,18.95,No
21,No,No internet service,No internet service,Month-to-month,20.5,No
62,No,No internet service,No internet service,One year,19.95,No
2,DSL,No,No,Month-to-month,24.5,No
27,No,No internet service,No internet service,Two year,20.6,No
5,Fiber optic,No,No,Month-to-month,94.85,Yes
25,DSL,Yes,No,One year,61.05,No
2,Fiber optic,No,No,Month-to-month,85.7,Yes
49,Fiber optic,No,Yes,One year,106.65,No
63,Fiber optic,Yes,No,Month-to-month,108.25,No
4,No,No internet service,No internet service,Month-to-month,20.4,No
1,DSL,No,No,Month-to-month,55.3,No
11,No,No internet service,No internet service,Month-to-month,20.25,No
52,Fiber optic,No,No,Month-to-month,72.95,No
60,Fiber optic,No,No,Month-to-month,89.45,No
64,Fiber optic,No,Yes,One year,104.65,No
43,DSL,Yes,No,Two year,75.2,No
61,Fiber optic,No,Yes,One year,101.15,No
1,DSL,No,No,Month-to-month,44.4,Yes
5,Fiber optic,No,No,Month-to-month,89.5,Yes
66,DSL,Yes,Yes,Two year,68.75,No
67,Fiber optic,Yes,Yes,Two year,111.05,No
42,Fiber optic,No,Yes,Two year,99,No
1,Fiber optic,No,No,Month-to-month,86.05,Yes
31,No,No internet service,No internet service,Two year,21,No
7,No,No internet service,No internet service,Month-to-month,19.4,No
4,DSL,No,No,Month-to-month,44.55,Yes
34,DSL,No,No,One year,77.2,No
3,No,No internet service,No internet service,One year,19.45,No
19,DSL,No,No,Month-to-month,24.85,No
31,DSL,Yes,Yes,Month-to-month,35.4,Yes
1,Fiber optic,No,No,Month-to-month,95.65,Yes
3,DSL,Yes,Yes,Month-to-month,41.35,No
46,No,No internet service,No internet service,Month-to-month,19.6,No
1,No,No internet service,No internet service,Month-to-month,20.95,Yes
69,Fiber optic,Yes,No,One year,84.45,No
5,No,No internet service,No internet service,Month-to-month,20.25,No
1,No,No internet service,No internet service,Month-to-month,19.65,No
26,No,No internet service,No internet service,One year,20.65,No
10,DSL,No,No,Month-to-month,34.7,Yes
25,Fiber optic,No,Yes,Two year,99.3,No
64,Fiber optic,Yes,No,Month-to-month,81.05,No
30,DSL,Yes,Yes,Month-to-month,67.6,No
13,Fiber optic,No,No,Month-to-month,70.15,No
64,Fiber optic,Yes,Yes,One year,115,No
46,Fiber optic,No,Yes,Month-to-month,84.8,No
12,No,No internet service,No internet service,One year,19.7,No
15,No,No internet service,No internet service,Month-to-month,19.75,Yes
17,Fiber optic,No,No,Month-to-month,92.55,Yes
13,DSL,Yes,No,Month-to-month,63.15,No
67,DSL,Yes,Yes,Two year,74,No
24,DSL,No,No,Month-to-month,29.1,No
6,DSL,No,Yes,Month-to-month,50.05,No
53,DSL,Yes,Yes,One year,60.05,Yes
16,Fiber optic,No,No,Month-to-month,74.3,Yes
10,No,No internet service,No internet service,Month-to-month,20,No
13,Fiber optic,No,No,One year,74.65,No
9,Fiber optic,No,No,Month-to-month,85.35,Yes
25,DSL,Yes,Yes,One year,74.3,Yes
7,DSL,No,Yes,Month-to-month,44.4,No
38,DSL,Yes,Yes,Two year,85.4,No
43,Fiber optic,Yes,No,Month-to-month,94.1,No
4,Fiber optic,No,Yes,Month-to-month,98.1,Yes
25,Fiber optic,No,Yes,Two year,108.9,No
27,DSL,Yes,No,One year,56.2,No
72,No,No internet service,No internet service,Two year,26.1,No
71,Fiber optic,Yes,No,One year,85.45,No
24,Fiber optic,No,No,Month-to-month,88.95,No
50,Fiber optic,Yes,Yes,Two year,109.65,Yes
57,DSL,Yes,No,Two year,74.35,No
15,DSL,No,No,Month-to-month,48.85,No
4,Fiber optic,Yes,No,Month-to-month,80.1,No
28,DSL,Yes,No,Month-to-month,56.05,No
9,Fiber optic,No,No,Month-to-month,74.55,Yes
55,Fiber optic,Yes,No,Month-to-month,89.8,No
3,Fiber optic,No,No,Month-to-month,100.95,Yes
10,Fiber optic,No,No,Month-to-month,94.9,Yes
55,No,No internet service,No internet service,One year,19.1,No
20,No,No internet service,No internet service,Month-to-month,20.35,No
62,Fiber optic,No,Yes,One year,106.05,No
32,Fiber optic,No,Yes,Month-to-month,104.9,Yes
43,No,No internet service,No internet service,Two year,19.65,No
9,DSL,No,No,One year,24.1,Yes
60,DSL,Yes,Yes,Two year,59.85,No
58,DSL,Yes,No,Two year,86.1,No
7,No,No internet service,No internet service,One year,19.45,No
2,Fiber optic,Yes,No,Month-to-month,97.1,No
37,DSL,No,No,Month-to-month,36.65,No
65,Fiber optic,No,Yes,One year,103.9,No
39,No,No internet service,No internet service,Two year,19.75,No
66,Fiber optic,No,Yes,One year,104.05,Yes
68,No,No internet service,No internet service,Two year,24.55,No
62,DSL,Yes,Yes,Two year,48.7,No
3,Fiber optic,No,Yes,Month-to-month,88.35,Yes
72,Fiber optic,Yes,No,Two year,109.55,No
41,No,No internet service,No internet service,Two year,20.65,No
29,Fiber optic,Yes,No,Month-to-month,94.65,Yes
4,DSL,Yes,No,Month-to-month,55.2,No
53,No,No internet service,No internet service,One year,24.05,No
1,Fiber optic,No,No,Month-to-month,74.4,Yes
41,DSL,Yes,Yes,Month-to-month,79.9,Yes
39,No,No internet service,No internet service,Two year,20.45,No
63,No,No internet service,No internet service,Two year,19.25,No
15,No,No internet service,No internet service,Month-to-month,26.35,No
13,DSL,No,No,One year,43.8,No
1,DSL,No,No,Month-to-month,50.15,No
1,No,No internet service,No internet service,Two year,20.45,No
8,Fiber optic,No,No,Month-to-month,69.7,Yes
60,DSL,Yes,No,Two year,61.4,No
12,Fiber optic,No,No,Month-to-month,98.1,Yes
40,DSL,No,Yes,One year,70.75,No
66,DSL,Yes,No,Two year,61.15,No
42,No,No internet service,No internet service,One year,20.25,No
66,DSL,Yes,Yes,One year,63.85,No
49,Fiber optic,No,No,Month-to-month,98.7,No
1,No,No internet service,No internet service,Month-to-month,20.5,Yes
41,No,No internet service,No internet service,Two year,20,No
41,No,No internet service,No internet service,Two year,19.3,No
23,Fiber optic,Yes,Yes,Month-to-month,84.4,No
3,DSL,No,No,Month-to-month,25.1,No
4,DSL,Yes,Yes,Month-to-month,48.25,No
52,No,No internet service,No internet service,Two year,19.85,No
4,Fiber optic,Yes,No,Month-to-month,99.6,Yes
11,Fiber optic,No,Yes,Month-to-month,94.2,No
2,DSL,Yes,No,Month-to-month,62.15,No
26,Fiber optic,No,No,Month-to-month,79.3,No
24,DSL,Yes,No,One year,56.25,No
12,No,No internet service,No internet service,Month-to-month,20.3,No
60,Fiber optic,No,Yes,Month-to-month,99,No
64,DSL,Yes,Yes,Two year,90.6,No
66,DSL,Yes,Yes,Two year,85.9,No
60,Fiber optic,No,No,One year,79.2,No
17,DSL,Yes,No,One year,70.35,No
42,No,No internet service,No internet service,Two year,19.35,No
1,DSL,No,No,Month-to-month,50.15,No
47,DSL,No,Yes,Two year,63.8,No
10,No,No internet service,No internet service,Month-to-month,20.55,No
70,DSL,Yes,Yes,Two year,88.55,No
67,Fiber optic,No,No,Month-to-month,101.4,No
1,Fiber optic,No,No,Month-to-month,81.95,Yes
7,Fiber optic,No,No,Month-to-month,69.35,Yes
1,DSL,No,No,Month-to-month,44.6,No
4,DSL,No,Yes,Month-to-month,63.75,No
66,Fiber optic,Yes,No,Two year,109.25,No
12,Fiber optic,No,No,Month-to-month,84.6,No
24,No,No internet service,No internet service,One year,20.45,No
26,Fiber optic,No,No,Month-to-month,85.75,No
6,Fiber optic,No,No,Month-to-month,91.1,Yes
57,Fiber optic,No,Yes,Two year,107.95,No
14,Fiber optic,No,No,Month-to-month,86.1,Yes
42,No,No internet service,No internet service,Two year,22.95,No
25,Fiber optic,No,No,Month-to-month,94.7,Yes
64,No,No internet service,No internet service,Two year,19.45,No
22,Fiber optic,No,No,Month-to-month,85.1,Yes
19,No,No internet service,No internet service,One year,19.7,No
61,Fiber optic,No,No,Month-to-month,99.15,Yes
22,Fiber optic,No,No,Month-to-month,87,No
70,Fiber optic,No,No,Month-to-month,102.95,Yes
12,Fiber optic,No,No,Month-to-month,79.95,No
31,DSL,Yes,Yes,One year,64,No
11,DSL,No,No,Month-to-month,64.9,No
68,No,No internet service,No internet service,Two year,25.75,No
72,DSL,Yes,Yes,Two year,90.15,No
67,Fiber optic,Yes,Yes,Two year,116.1,No
60,Fiber optic,Yes,Yes,Month-to-month,104.95,No
1,DSL,No,No,Month-to-month,45.05,Yes
1,Fiber optic,No,No,Month-to-month,71,Yes
58,DSL,Yes,No,One year,50,No
47,Fiber optic,No,No,Month-to-month,70.55,Yes
1,Fiber optic,No,No,Month-to-month,79.7,Yes
1,No,No internet service,No internet service,Month-to-month,20.45,No
22,DSL,Yes,No,Month-to-month,59,Yes
48,DSL,Yes,Yes,One year,60.35,Yes
37,No,No internet service,No internet service,One year,19.85,No
13,No,No internet service,No internet service,One year,19.95,No
43,No,No internet service,No internet service,Two year,26.45,No
6,DSL,Yes,Yes,Two year,63.4,No
71,DSL,Yes,Yes,Two year,53.95,No
1,Fiber optic,No,No,Month-to-month,69.25,Yes
72,Fiber optic,Yes,No,Two year,95.1,No
6,Fiber optic,Yes,No,Month-to-month,74.1,No
12,DSL,No,Yes,Month-to-month,35.5,No
25,Fiber optic,No,No,Month-to-month,70.95,Yes
21,Fiber optic,No,Yes,One year,79.2,No
6,DSL,No,Yes,Month-to-month,48.8,No
20,Fiber optic,No,No,Month-to-month,89,Yes
18,Fiber optic,Yes,No,Month-to-month,99.4,Yes
43,DSL,No,Yes,One year,55.45,No
35,No,No internet service,No internet service,Two year,25.4,No
1,Fiber optic,No,No,Month-to-month,73.5,Yes
32,Fiber optic,No,No,Month-to-month,93.5,No
52,DSL,Yes,Yes,Two year,63.9,No
32,DSL,No,No,One year,64.85,No
72,DSL,Yes,Yes,Two year,63.8,No
51,DSL,Yes,Yes,Month-to-month,44.45,No
68,No,No internet service,No internet service,Two year,19.95,No
8,DSL,No,No,Month-to-month,43.35,No
49,DSL,No,No,Two year,49.65,No
72,DSL,Yes,Yes,Two year,85.1,No
9,Fiber optic,No,No,Month-to-month,95.5,Yes
28,Fiber optic,Yes,No,Month-to-month,92.35,Yes
54,Fiber optic,Yes,No,Month-to-month,89.8,No
11,Fiber optic,No,No,Month-to-month,74.55,Yes
50,Fiber optic,No,Yes,One year,103.05,No
69,Fiber optic,Yes,Yes,Two year,116,No
1,Fiber optic,No,No,Month-to-month,69.9,No
68,Fiber optic,Yes,Yes,Two year,95.1,No
40,DSL,Yes,Yes,One year,40.25,No
31,No,No internet service,No internet service,Two year,25.75,No
33,Fiber optic,No,No,Month-to-month,105.35,No
55,Fiber optic,No,Yes,Two year,113.6,No
68,No,No internet service,No internet service,Two year,24,No
12,No,No internet service,No internet service,Month-to-month,19.4,No
71,DSL,Yes,Yes,Two year,86.1,No
40,Fiber optic,No,No,Month-to-month,102.65,No
64,Fiber optic,No,No,One year,92.85,No
53,Fiber optic,No,Yes,One year,97.75,No
12,Fiber optic,No,Yes,Month-to-month,83.8,Yes
53,DSL,No,No,Month-to-month,54.45,Yes
72,Fiber optic,Yes,No,Two year,97.95,No
46,No,No internet service,No internet service,Two year,19.95,No
40,No,No internet service,No internet service,Two year,24.6,No
12,DSL,Yes,Yes,Month-to-month,50.95,No
9,Fiber optic,Yes,No,Month-to-month,75.6,No
51,Fiber optic,No,Yes,Month-to-month,80.75,No
49,Fiber optic,No,No,Month-to-month,90.4,No
41,Fiber optic,No,No,Month-to-month,99.8,Yes
56,DSL,Yes,Yes,One year,60.25,No
4,No,No internet service,No internet service,Month-to-month,20.2,No
20,DSL,Yes,Yes,One year,64.15,No
26,No,No internet service,No internet service,Month-to-month,20.25,No
20,Fiber optic,No,No,Month-to-month,105.85,Yes
7,Fiber optic,No,No,Month-to-month,75.45,Yes
7,Fiber optic,No,No,Month-to-month,93.85,Yes
51,Fiber optic,No,No,Month-to-month,99,No
4,Fiber optic,No,No,Month-to-month,80.3,No
1,No,No internet service,No internet service,Month-to-month,19.55,No
27,Fiber optic,Yes,Yes,Month-to-month,100.75,No
22,Fiber optic,Yes,No,Month-to-month,100.75,Yes
12,DSL,No,Yes,Month-to-month,53.75,No
3,DSL,No,Yes,Month-to-month,31,Yes
34,No,No internet service,No internet service,One year,25.6,No
24,DSL,Yes,Yes,One year,58.35,No
51,Fiber optic,No,No,Month-to-month,80,Yes
14,DSL,No,No,Month-to-month,46.35,No
59,Fiber optic,Yes,Yes,Two year,113.75,No
3,Fiber optic,No,No,Month-to-month,90.4,No
65,Fiber optic,Yes,Yes,Two year,109.3,No
5,Fiber optic,No,No,Month-to-month,70.25,Yes
59,DSL,Yes,Yes,Two year,90.3,No
72,DSL,Yes,Yes,Two year,65.25,No
62,Fiber optic,No,No,Month-to-month,100.15,Yes
28,Fiber optic,Yes,No,Month-to-month,94.5,Yes
3,DSL,No,Yes,Month-to-month,60.65,No
19,No,No internet service,No internet service,Month-to-month,24.1,No
1,No,No internet service,No internet service,Month-to-month,19.5,No
24,Fiber optic,No,Yes,Month-to-month,85.95,No
57,DSL,No,Yes,One year,53.5,No
72,No,No internet service,No internet service,Two year,25.45,No
67,No,No internet service,No internet service,Two year,20.5,No
52,No,No internet service,No internet service,One year,20.85,No
71,DSL,Yes,Yes,Two year,89.9,No
26,No,No internet service,No internet service,One year,26,No
35,Fiber optic,Yes,Yes,Two year,113.2,No
55,Fiber optic,No,No,Two year,69.05,No
33,No,No internet service,No internet service,Two year,20.1,No
72,Fiber optic,Yes,No,Two year,109.65,No
1,No,No internet service,No internet service,Month-to-month,19.2,No
10,DSL,No,No,Month-to-month,33.9,Yes
37,Fiber optic,No,Yes,Month-to-month,90,No
12,DSL,No,Yes,Month-to-month,34,No
1,No,No internet service,No internet service,One year,20.4,No
62,DSL,Yes,Yes,Two year,38.6,No
1,DSL,No,No,Month-to-month,25.25,No
18,DSL,Yes,No,Month-to-month,60.6,No
69,Fiber optic,No,No,Month-to-month,89.95,Yes
2,Fiber optic,No,No,Month-to-month,74.75,No
19,No,No internet service,No internet service,Month-to-month,20.6,No
12,Fiber optic,No,No,Month-to-month,84.45,Yes
9,No,No internet service,No internet service,Month-to-month,20.4,No
27,DSL,Yes,Yes,One year,81.7,No
27,Fiber optic,No,Yes,Month-to-month,79.5,Yes
1,Fiber optic,No,No,Month-to-month,89.15,Yes
24,No,No internet service,No internet service,Month-to-month,20.3,No
14,Fiber optic,No,No,Month-to-month,74.95,Yes
32,Fiber optic,No,No,Month-to-month,74.4,Yes
11,No,No internet service,No internet service,One year,20,No
1,No,No internet service,No internet service,Month-to-month,25,No
38,Fiber optic,Yes,No,Month-to-month,80.45,No
9,No,No internet service,No internet service,Two year,19.75,No
54,DSL,Yes,Yes,Two year,65.65,No
29,DSL,No,No,One year,71,No
44,Fiber optic,No,No,Month-to-month,89.2,No
59,DSL,Yes,Yes,Two year,86.75,No
3,DSL,No,No,Month-to-month,55.3,Yes
18,DSL,Yes,Yes,One year,61.5,No
67,No,No internet service,No internet service,Two year,25.1,No
22,DSL,No,Yes,Month-to-month,55.15,Yes
33,DSL,Yes,Yes,One year,34.05,No
5,No,No internet service,No internet service,Month-to-month,19.95,No
2,No,No internet service,No internet service,Month-to-month,19.95,No
72,DSL,Yes,Yes,Two year,89.7,No
9,No,No internet service,No internet service,Month-to-month,20.4,No
67,No,No internet service,No internet service,Two year,26.3,No
16,Fiber optic,No,No,Month-to-month,84.95,Yes
8,No,No internet service,No internet service,Month-to-month,20.7,No
5,DSL,Yes,Yes,Month-to-month,43.25,Yes
23,DSL,No,No,One year,48.35,Yes
1,Fiber optic,No,No,Month-to-month,79.55,Yes
50,Fiber optic,No,No,Month-to-month,71.05,Yes
17,No,No internet service,No internet service,Two year,19.45,No
68,Fiber optic,Yes,No,Two year,110.8,No
1,Fiber optic,No,No,Month-to-month,84.5,Yes
25,Fiber optic,No,No,Month-to-month,69.3,No
67,DSL,Yes,Yes,One year,49.35,No
32,No,No internet service,No internet service,One year,20.35,No
67,Fiber optic,Yes,No,One year,105.6,No
72,DSL,Yes,Yes,Two year,64.45,No
71,Fiber optic,No,Yes,Two year,108.6,Yes
1,DSL,No,No,Month-to-month,49.9,No
46,DSL,No,No,Month-to-month,30.3,Yes
2,DSL,No,No,Month-to-month,30.4,Yes
1,DSL,No,No,Month-to-month,45.4,Yes
48,DSL,No,No,One year,65.65,No
61,Fiber optic,No,Yes,One year,103.3,No
32,Fiber optic,No,No,Month-to-month,84.15,Yes
2,DSL,No,No,Month-to-month,44.45,No
3,No,No internet service,No internet service,Month-to-month,19.75,Yes
5,Fiber optic,No,Yes,Month-to-month,85.4,Yes
71,DSL,Yes,Yes,Two year,89.9,No
37,DSL,Yes,No,Month-to-month,55.05,No
65,Fiber optic,No,Yes,Two year,104.1,No
67,Fiber optic,No,Yes,One year,106.6,No
49,Fiber optic,No,No,Month-to-month,75.2,Yes
50,DSL,Yes,Yes,Two year,70.5,No
25,No,No internet service,No internet service,One year,19.6,No
17,DSL,No,No,One year,55.85,Yes
64,No,No internet service,No internet service,Two year,24.05,No
25,DSL,No,No,One year,38.1,No
23,Fiber optic,No,No,Month-to-month,106.4,Yes
24,DSL,No,Yes,Month-to-month,34.25,No
37,Fiber optic,No,No,Month-to-month,100.05,No
21,Fiber optic,No,No,Month-to-month,68.65,No
1,DSL,No,No,Month-to-month,45.8,No
10,Fiber optic,No,No,Month-to-month,75.75,No
6,Fiber optic,No,No,Month-to-month,84.4,Yes
51,Fiber optic,Yes,No,One year,96.4,No
10,No,No internet service,No internet service,Month-to-month,20.55,No
6,DSL,Yes,Yes,Month-to-month,50.95,No
47,DSL,Yes,Yes,Two year,90.5,No
61,DSL,Yes,Yes,One year,79.4,No
52,DSL,Yes,No,Two year,58.75,No
35,DSL,Yes,No,Month-to-month,59.45,No
71,Fiber optic,No,No,One year,105.7,No
6,DSL,Yes,No,Month-to-month,56.25,Yes
45,DSL,Yes,No,Two year,53.3,No
2,Fiber optic,No,No,Month-to-month,85.55,Yes
4,DSL,No,No,Month-to-month,68.65,Yes
2,DSL,No,No,Month-to-month,24.3,No
4,Fiber optic,No,No,Month-to-month,77.85,Yes
51,DSL,Yes,Yes,One year,59.9,No
60,No,No internet service,No internet service,One year,23.95,No
9,No,No internet service,No internet service,One year,20.15,No
3,Fiber optic,No,No,Month-to-month,105.35,Yes
17,Fiber optic,No,Yes,Month-to-month,95.65,No
8,Fiber optic,No,No,Month-to-month,87.05,Yes
46,DSL,Yes,Yes,Two year,81,No
68,DSL,Yes,Yes,Two year,82.45,No
1,DSL,No,No,Month-to-month,53.5,Yes
4,No,No internet service,No internet service,One year,20.5,No
1,DSL,No,No,Month-to-month,25.1,Yes
28,DSL,No,Yes,One year,54.4,No
39,DSL,No,No,One year,58.6,No
11,Fiber optic,No,No,Month-to-month,84.8,No
71,DSL,No,Yes,Two year,61.4,No
2,No,No internet service,No internet service,Month-to-month,20.4,No
30,Fiber optic,No,No,Month-to-month,79.65,Yes
17,No,No internet service,No internet service,One year,20.15,No
55,Fiber optic,No,No,Month-to-month,94.45,No
58,Fiber optic,Yes,No,Month-to-month,79.8,No
5,DSL,Yes,Yes,Month-to-month,54.2,Yes
1,No,No internet service,No internet service,Month-to-month,19.45,Yes
9,Fiber optic,No,No,Month-to-month,74.05,No
26,DSL,No,Yes,Month-to-month,49.15,No
50,No,No internet service,No internet service,Two year,19.4,No
72,Fiber optic,Yes,Yes,Two year,113.65,No
43,Fiber optic,Yes,Yes,One year,106,No
56,No,No internet service,No internet service,Two year,25.95,No
1,No,No internet service,No internet service,Month-to-month,19.1,No
72,Fiber optic,No,No,Two year,103.4,Yes
72,Fiber optic,Yes,Yes,Two year,100.55,No
36,Fiber optic,No,No,Month-to-month,95.4,No
5,DSL,No,Yes,Month-to-month,75.15,No
13,Fiber optic,No,No,Month-to-month,84.45,Yes
44,Fiber optic,No,No,One year,89.15,No
70,Fiber optic,No,Yes,One year,107.9,No
44,No,No internet service,No internet service,One year,19.5,No
32,Fiber optic,No,No,Month-to-month,85.95,Yes
69,No,No internet service,No internet service,Two year,24.95,No
16,DSL,No,Yes,Month-to-month,59.4,Yes
68,No,No internet service,No internet service,One year,19.5,No
16,Fiber optic,No,No,Month-to-month,69.95,No
68,DSL,Yes,Yes,Two year,82.85,No
4,No,No internet service,No internet service,Month-to-month,19,No
26,DSL,Yes,Yes,Month-to-month,38.85,No
29,DSL,No,No,Month-to-month,30.6,Yes
5,No,No internet service,No internet service,Month-to-month,20.35,No
70,Fiber optic,No,No,One year,95,No
24,DSL,Yes,Yes,One year,74.4,No
72,DSL,Yes,Yes,Two year,78.45,No
1,Fiber optic,No,Yes,Month-to-month,74.3,No
70,DSL,No,Yes,One year,51.05,No
36,No,No internet service,No internet service,Month-to-month,19.2,No
38,Fiber optic,No,Yes,Month-to-month,99.55,Yes
17,Fiber optic,No,No,Month-to-month,70,Yes
41,Fiber optic,No,Yes,One year,109.1,No
1,DSL,No,No,Month-to-month,45.3,Yes
2,DSL,No,Yes,Month-to-month,29.85,Yes
14,Fiber optic,No,No,Month-to-month,76.45,No
2,Fiber optic,No,Yes,Month-to-month,95.1,Yes
1,No,No internet service,No internet service,Month-to-month,19.8,Yes
13,DSL,No,Yes,Month-to-month,72.8,No
6,No,No internet service,No internet service,Month-to-month,18.95,No
4,Fiber optic,No,No,Month-to-month,76.65,Yes
5,Fiber optic,No,Yes,Month-to-month,99.15,Yes
15,Fiber optic,Yes,No,Month-to-month,101.75,No
47,Fiber optic,Yes,No,Month-to-month,75.45,No
8,DSL,No,Yes,Month-to-month,64.1,No
17,DSL,No,No,Month-to-month,25.65,No
15,Fiber optic,Yes,No,Month-to-month,75.1,No
26,Fiber optic,Yes,Yes,One year,95.85,No
23,DSL,Yes,No,Month-to-month,54.4,No
4,Fiber optic,No,No,Month-to-month,72.75,No
29,No,No internet service,No internet service,One year,19.85,No
25,No,No internet service,No internet service,Month-to-month,19.05,No
9,DSL,No,No,Month-to-month,44.95,Yes
18,DSL,No,No,Month-to-month,49.55,Yes
3,Fiber optic,No,No,Month-to-month,94.85,No
69,DSL,Yes,Yes,Two year,46.25,No
14,No,No internet service,No internet service,One year,19.35,No
19,DSL,No,No,Month-to-month,69.6,No
39,Fiber optic,No,No,Month-to-month,90.7,No
31,Fiber optic,No,No,Month-to-month,101.4,No
24,No,No internet service,No internet service,One year,20.25,No
14,DSL,No,Yes,Month-to-month,48.8,No
64,DSL,Yes,Yes,Two year,74.35,No
50,No,No internet service,No internet service,One year,19.35,No
52,DSL,No,Yes,One year,68.75,No
28,Fiber optic,No,No,One year,100.2,No
21,No,No internet service,No internet service,Two year,20.85,No
25,Fiber optic,No,No,Month-to-month,95.9,Yes
17,No,No internet service,No internet service,One year,19.35,No
58,DSL,No,No,One year,45,No
17,Fiber optic,No,No,Month-to-month,81.5,Yes
51,No,No internet service,No internet service,Two year,25.5,No
72,DSL,Yes,Yes,Two year,48.9,No
52,Fiber optic,Yes,No,Month-to-month,84.1,Yes
27,No,No internet service,No internet service,Two year,19.6,No
3,No,No internet service,No internet service,Month-to-month,20,No
64,DSL,Yes,Yes,Two year,81.3,No
45,Fiber optic,No,Yes,Two year,95.2,No
3,DSL,No,No,Month-to-month,36.45,Yes
71,DSL,No,Yes,Two year,83.3,No
1,DSL,No,No,Month-to-month,25.05,Yes
58,No,No internet service,No internet service,Two year,20.3,No
34,Fiber optic,No,No,Month-to-month,89.85,No
8,DSL,Yes,No,Month-to-month,49.85,Yes
15,No,No internet service,No internet service,Month-to-month,19.8,No
66,DSL,No,Yes,Two year,54.65,No
12,DSL,No,No,Month-to-month,29.35,No
58,No,No internet service,No internet service,Two year,19.15,No
3,No,No internet service,No internet service,Two year,19.1,No
43,DSL,No,No,Month-to-month,55.55,Yes
9,Fiber optic,No,No,Month-to-month,80.55,No
3,No,No internet service,No internet service,One year,20.25,No
22,DSL,No,No,One year,69.5,Yes
40,Fiber optic,No,No,One year,106,No
68,No,No internet service,No internet service,Two year,25.5,No
54,Fiber optic,No,No,Month-to-month,104.3,Yes
50,DSL,No,Yes,Two year,79.6,No
1,DSL,No,No,Month-to-month,55.25,No
72,DSL,Yes,Yes,Two year,88.05,No
40,No,No internet service,No internet service,One year,20.4,No
72,Fiber optic,Yes,Yes,Two year,117.6,No
6,No,No internet service,No internet service,Month-to-month,20,No
5,No,No internet service,No internet service,Month-to-month,19.65,No
48,DSL,No,No,One year,70.55,No
1,Fiber optic,No,No,Month-to-month,93.85,Yes
64,DSL,Yes,Yes,One year,65.8,No
17,No,No internet service,No internet service,One year,20.05,No
40,Fiber optic,No,No,Month-to-month,80,No
41,DSL,Yes,No,One year,35.4,No
51,Fiber optic,No,No,One year,79.6,No
41,Fiber optic,No,No,Month-to-month,80.25,No
1,DSL,No,No,Month-to-month,50.45,Yes
2,No,No internet service,No internet service,Month-to-month,20.45,No
68,Fiber optic,No,No,One year,79.6,No
24,No,No internet service,No internet service,Two year,24.7,No
70,DSL,Yes,Yes,Two year,77.3,No
3,DSL,No,Yes,Month-to-month,29.75,No
2,DSL,No,No,Month-to-month,44.9,No
3,DSL,No,No,Month-to-month,29.8,No
7,DSL,No,Yes,Month-to-month,74.65,Yes
13,DSL,Yes,No,Month-to-month,71.95,No
7,No,No internet service,No internet service,Month-to-month,20.75,No
12,DSL,No,No,Month-to-month,56.3,No
53,Fiber optic,No,No,One year,105.25,No
12,Fiber optic,No,No,Month-to-month,94.2,Yes
63,No,No internet service,No internet service,Two year,19.55,No
15,DSL,Yes,Yes,Month-to-month,84.45,No
36,DSL,Yes,No,One year,53.65,No
4,DSL,No,No,Month-to-month,29.9,No
24,No,No internet service,No internet service,Two year,19.7,No
61,DSL,Yes,Yes,One year,43.7,No
16,DSL,No,No,Month-to-month,55.3,No
65,No,No internet service,No internet service,Two year,19.85,No
26,No,No internet service,No internet service,Two year,19.65,No
16,DSL,No,Yes,Month-to-month,49.45,No
54,Fiber optic,Yes,No,One year,106.55,Yes
1,No,No internet service,No internet service,Month-to-month,20.1,Yes
5,No,No internet service,No internet service,Two year,20.45,No
19,DSL,No,No,Month-to-month,39.7,No
10,DSL,Yes,No,Month-to-month,54.5,No
23,Fiber optic,No,Yes,Month-to-month,83.8,Yes
3,DSL,No,No,Month-to-month,55.15,Yes
72,Fiber optic,No,Yes,Two year,111.6,No
10,Fiber optic,No,No,Month-to-month,86.65,Yes
10,DSL,No,No,Month-to-month,55.55,No
11,No,No internet service,No internet service,One year,20.55,No
37,Fiber optic,Yes,No,Month-to-month,106.75,Yes
17,DSL,Yes,Yes,One year,62.1,No
36,Fiber optic,Yes,No,Month-to-month,104.5,No
17,Fiber optic,No,No,Month-to-month,101.8,No
66,Fiber optic,Yes,Yes,One year,110.6,No
61,DSL,Yes,Yes,One year,84.9,No
22,Fiber optic,No,No,Month-to-month,93.2,No
1,DSL,No,No,Month-to-month,24.4,No
6,Fiber optic,No,No,Month-to-month,70.55,No
31,Fiber optic,No,Yes,Month-to-month,78.45,Yes
68,DSL,Yes,Yes,Two year,85,No
34,Fiber optic,No,No,Month-to-month,87.45,Yes
52,Fiber optic,No,Yes,Month-to-month,85.8,No
10,Fiber optic,No,Yes,Month-to-month,91.1,No
29,Fiber optic,No,No,Month-to-month,70.75,Yes
72,No,No internet service,No internet service,Two year,20.1,No
47,No,No internet service,No internet service,One year,20.05,No
24,DSL,Yes,No,One year,74.8,No
65,No,No internet service,No internet service,One year,24.8,No
4,Fiber optic,No,Yes,Month-to-month,100.85,No
12,Fiber optic,No,No,Month-to-month,101.35,Yes
1,Fiber optic,Yes,No,Month-to-month,81.7,Yes
33,Fiber optic,No,No,Month-to-month,68.25,Yes
34,Fiber optic,No,Yes,Month-to-month,105.1,No
14,No,No internet service,No internet service,Two year,20.4,No
4,Fiber optic,No,No,Month-to-month,79.15,Yes
13,No,No internet service,No internet service,One year,20,No
65,DSL,No,Yes,Two year,79.4,No
23,DSL,Yes,Yes,One year,57.2,No
55,DSL,Yes,No,Two year,58.6,No
49,Fiber optic,No,No,Two year,94.8,No
60,Fiber optic,No,No,One year,102.5,No
69,No,No internet service,No internet service,One year,20.35,No
40,Fiber optic,No,No,Month-to-month,84.9,No
67,DSL,Yes,Yes,Two year,69.2,No
35,Fiber optic,No,No,Month-to-month,95.45,Yes
19,Fiber optic,No,Yes,One year,100.95,Yes
13,No,No internet service,No internet service,Two year,20.85,No
41,Fiber optic,No,No,Month-to-month,88.5,No
4,DSL,Yes,No,Month-to-month,35,No
24,DSL,Yes,Yes,Month-to-month,55.15,No
5,DSL,No,No,Month-to-month,50.95,No
5,DSL,No,No,Month-to-month,64,No
1,Fiber optic,No,No,Month-to-month,69.1,Yes
72,DSL,Yes,Yes,Two year,80.2,No
24,DSL,No,No,Month-to-month,49.3,No
42,DSL,Yes,Yes,Two year,84.35,No
4,No,No internet service,No internet service,Month-to-month,20.05,No
68,Fiber optic,Yes,Yes,One year,117.2,No
33,No,No internet service,No internet service,One year,20.1,No
1,Fiber optic,No,No,Month-to-month,69.6,Yes
31,Fiber optic,No,No,One year,103.45,Yes
4,Fiber optic,No,No,Month-to-month,77.95,Yes
69,Fiber optic,No,Yes,Two year,109.95,No
38,Fiber optic,No,No,Month-to-month,94.75,No
3,Fiber optic,No,Yes,Month-to-month,80,No
48,DSL,No,Yes,Two year,79.65,No
15,No,No internet service,No internet service,Two year,25.2,No
25,No,No internet service,No internet service,One year,19.9,No
1,Fiber optic,No,No,Month-to-month,78.45,Yes
48,DSL,Yes,No,Month-to-month,44.8,No
1,No,No internet service,No internet service,Month-to-month,20.3,No
1,No,No internet service,No internet service,Month-to-month,19.2,No
37,Fiber optic,No,No,One year,80.05,No
66,Fiber optic,No,Yes,One year,107.35,No
26,DSL,Yes,No,One year,47.85,No
63,DSL,Yes,Yes,One year,70.8,No
10,DSL,No,No,Month-to-month,29.5,Yes
2,DSL,Yes,No,Month-to-month,70.75,Yes
18,DSL,Yes,No,Month-to-month,59.1,No
64,No,No internet service,No internet service,Two year,25.55,No
9,Fiber optic,No,No,Month-to-month,84.45,Yes
28,No,No internet service,No internet service,Month-to-month,20.25,No
1,Fiber optic,No,No,Month-to-month,75.55,No
4,Fiber optic,No,No,Month-to-month,85.65,Yes
38,DSL,No,Yes,One year,70.15,Yes
66,Fiber optic,No,No,One year,95.3,No
1,Fiber optic,No,No,Month-to-month,70.25,No
18,DSL,No,Yes,Month-to-month,50.3,No
51,Fiber optic,No,No,Month-to-month,97.8,Yes
0,No,No internet service,No internet service,Two year,19.85,No
1,DSL,No,No,Month-to-month,46.3,Yes
12,No,No internet service,No internet service,Two year,19.35,No
41,Fiber optic,No,No,Month-to-month,106.3,Yes
12,No,No internet service,No internet service,Month-to-month,25,No
55,No,No internet service,No internet service,Two year,20.3,No
7,Fiber optic,No,No,Month-to-month,75.35,No
12,Fiber optic,No,Yes,Month-to-month,89.4,Yes
68,DSL,Yes,Yes,Two year,88,No
5,Fiber optic,No,No,Month-to-month,83.15,Yes
49,DSL,No,No,Month-to-month,43.8,No
40,DSL,Yes,No,One year,62.05,No
16,No,No internet service,No internet service,One year,20.1,No
10,Fiber optic,No,No,Month-to-month,74.15,Yes
72,Fiber optic,No,No,One year,101.35,No
2,Fiber optic,No,No,Month-to-month,84.05,No
23,No,No internet service,No internet service,Two year,20.9,No
71,Fiber optic,No,No,One year,105.9,No
11,Fiber optic,No,No,Month-to-month,99.5,Yes
1,DSL,No,No,Month-to-month,44.15,Yes
16,DSL,No,Yes,Month-to-month,53.9,Yes
1,Fiber optic,No,No,Month-to-month,85.45,Yes
12,Fiber optic,No,No,Month-to-month,85.05,No
54,DSL,Yes,Yes,One year,44.1,No
68,Fiber optic,No,Yes,Two year,90.2,No
4,DSL,No,No,Month-to-month,50.85,Yes
1,DSL,No,No,Month-to-month,59.2,Yes
27,DSL,Yes,Yes,Month-to-month,53.45,No
21,No,No internet service,No internet service,Month-to-month,19.95,No
13,Fiber optic,No,No,Month-to-month,83.2,Yes
64,DSL,No,Yes,Month-to-month,74.65,No
1,DSL,Yes,No,Month-to-month,54.9,Yes
57,DSL,No,Yes,Two year,57.5,No
21,Fiber optic,Yes,No,Month-to-month,103.9,Yes
19,No,No internet service,No internet service,Two year,19.65,No
31,Fiber optic,No,No,One year,93.8,No
52,DSL,Yes,Yes,Two year,89.25,No
46,Fiber optic,No,No,One year,94.15,No
11,DSL,Yes,No,Month-to-month,55.6,No
53,DSL,Yes,No,Month-to-month,48.7,No
11,No,No internet service,No internet service,Month-to-month,19.25,Yes
57,Fiber optic,No,Yes,Month-to-month,104.9,No
2,Fiber optic,No,No,Month-to-month,75.45,Yes
2,DSL,Yes,No,Month-to-month,54.85,Yes
71,No,No internet service,No internet service,Two year,19.9,No
1,No,No internet service,No internet service,Month-to-month,19.4,No
68,No,No internet service,No internet service,Two year,25.05,No
72,DSL,Yes,Yes,Two year,84.45,No
2,No,No internet service,No internet service,Month-to-month,19.3,No
1,Fiber optic,No,No,Month-to-month,95.1,Yes
41,DSL,Yes,Yes,One year,79.85,No
72,No,No internet service,No internet service,Two year,25.55,No
6,Fiber optic,No,No,Month-to-month,75.5,Yes
4,Fiber optic,No,No,Month-to-month,73.75,Yes
12,Fiber optic,No,No,Month-to-month,96.05,Yes
58,DSL,Yes,Yes,One year,68.4,No
7,No,No internet service,No internet service,Month-to-month,20.65,No
65,DSL,Yes,No,Month-to-month,55.15,No
1,Fiber optic,No,No,Month-to-month,70.6,No
56,No,No internet service,No internet service,One year,19.95,No
4,No,No internet service,No internet service,Month-to-month,19,No
58,DSL,No,No,One year,44.1,No
62,Fiber optic,No,Yes,Two year,107.6,No
26,DSL,Yes,No,One year,61.55,No
62,Fiber optic,Yes,No,Month-to-month,90.7,No
58,Fiber optic,Yes,No,One year,99.25,No
68,DSL,Yes,Yes,Two year,91.7,No
61,Fiber optic,Yes,No,One year,100.7,No
42,DSL,No,Yes,Two year,78.45,No
18,Fiber optic,No,No,Month-to-month,84.3,No
56,No,No internet service,No internet service,Two year,19.55,No
4,Fiber optic,No,No,Month-to-month,88.95,Yes
4,No,No internet service,No internet service,Month-to-month,20.45,No
35,DSL,Yes,No,One year,55.6,No
64,Fiber optic,Yes,Yes,Month-to-month,86.8,No
31,No,No internet service,No internet service,One year,20.95,No
67,No,No internet service,No internet service,Two year,20.05,No
4,DSL,No,No,Month-to-month,50.7,Yes
70,Fiber optic,Yes,Yes,Two year,113.65,No
3,DSL,No,No,Month-to-month,53.4,Yes
53,Fiber optic,No,No,Month-to-month,101.9,Yes
2,DSL,Yes,Yes,Two year,59.5,No
29,Fiber optic,No,No,Month-to-month,87.8,No
47,DSL,Yes,Yes,Two year,41.9,No
68,Fiber optic,No,No,One year,83,Yes
12,DSL,Yes,No,Month-to-month,69.85,No
8,DSL,No,Yes,Month-to-month,56.3,No
54,Fiber optic,Yes,No,Month-to-month,109.55,No
69,Fiber optic,No,Yes,Two year,92.15,No
26,DSL,Yes,No,Month-to-month,69.5,No
72,Fiber optic,Yes,Yes,Two year,97,No
70,DSL,Yes,Yes,Two year,58.35,No
1,DSL,Yes,No,Month-to-month,50.6,Yes
10,Fiber optic,No,No,Month-to-month,89.5,Yes
28,Fiber optic,No,No,One year,70.4,No
1,Fiber optic,No,No,Month-to-month,69.8,Yes
21,Fiber optic,No,No,Month-to-month,94.3,No
51,Fiber optic,Yes,No,Month-to-month,93.8,Yes
53,No,No internet service,No internet service,One year,19.55,No
53,Fiber optic,Yes,No,One year,95.95,No
24,Fiber optic,No,No,Month-to-month,101.05,Yes
70,DSL,Yes,Yes,Two year,94.8,No
61,Fiber optic,Yes,No,One year,107.75,No
11,DSL,Yes,Yes,One year,54.6,No
2,Fiber optic,No,No,Month-to-month,71.3,No
25,No,No internet service,No internet service,One year,19.5,No
41,DSL,No,No,One year,56.3,No
18,Fiber optic,No,No,Month-to-month,94.7,Yes
72,Fiber optic,No,No,Two year,104.15,Yes
71,DSL,Yes,Yes,Two year,90.55,No
34,DSL,Yes,No,One year,60.8,No
29,Fiber optic,No,Yes,Month-to-month,98.8,No
40,Fiber optic,Yes,Yes,One year,98.15,No
36,DSL,Yes,No,One year,35.35,No
46,Fiber optic,No,Yes,One year,103.15,No
58,Fiber optic,Yes,No,One year,107.75,No
39,Fiber optic,No,No,One year,81.4,No
4,DSL,No,Yes,Month-to-month,61.45,Yes
52,Fiber optic,No,No,One year,95.7,No
70,Fiber optic,No,No,One year,104.8,No
65,Fiber optic,No,No,One year,70.95,No
1,DSL,No,No,Month-to-month,44.95,No
70,Fiber optic,No,No,One year,97.65,No
29,DSL,No,No,Month-to-month,35.65,No
1,Fiber optic,No,No,Month-to-month,90.55,Yes
67,DSL,Yes,Yes,Two year,85.25,No
1,No,No internet service,No internet service,Month-to-month,19.5,No
26,Fiber optic,No,No,Month-to-month,88.8,Yes
30,No,No internet service,No internet service,Two year,25.1,No
48,Fiber optic,No,Yes,Month-to-month,100.05,No
55,DSL,Yes,No,Month-to-month,55.7,No
7,Fiber optic,No,No,Month-to-month,85.2,Yes
37,Fiber optic,Yes,No,Month-to-month,91.15,No
31,Fiber optic,No,No,Month-to-month,83.85,No
4,DSL,No,No,Month-to-month,45.9,No
72,No,No internet service,No internet service,Two year,25.1,No
5,Fiber optic,No,No,Month-to-month,91.4,Yes
1,No,No internet service,No internet service,Month-to-month,19.7,No
15,Fiber optic,No,No,Month-to-month,91.5,No
8,DSL,Yes,No,Month-to-month,51.3,No
35,No,No internet service,No internet service,One year,21.1,No
56,Fiber optic,No,No,Month-to-month,104.75,No
42,Fiber optic,No,Yes,Month-to-month,106.15,Yes
65,Fiber optic,Yes,No,Month-to-month,85.75,No
2,No,No internet service,No internet service,One year,20.3,No
65,Fiber optic,Yes,No,One year,100.75,No
18,Fiber optic,No,No,Month-to-month,74.15,No
23,DSL,Yes,No,One year,78.55,No
4,DSL,No,No,Month-to-month,45.3,Yes
70,No,No internet service,No internet service,Two year,19.85,No
4,DSL,No,No,Month-to-month,50.7,No
19,DSL,No,No,Month-to-month,45,No
18,Fiber optic,No,No,Month-to-month,77.8,No
38,Fiber optic,Yes,No,Month-to-month,83.45,No
2,Fiber optic,No,No,Month-to-month,73.25,Yes
47,Fiber optic,Yes,No,One year,94.8,No
52,No,No internet service,No internet service,Two year,20.1,No
9,DSL,No,No,Month-to-month,59.9,No
26,DSL,Yes,Yes,One year,90.1,No
8,DSL,No,No,Month-to-month,51.05,Yes
44,DSL,No,Yes,One year,70.95,No
3,DSL,No,No,Month-to-month,29.2,No
2,DSL,No,No,Month-to-month,46.6,No
9,Fiber optic,No,No,Month-to-month,85.35,Yes
1,Fiber optic,No,No,Month-to-month,75.35,Yes
25,Fiber optic,Yes,No,Month-to-month,74.3,No
2,Fiber optic,No,No,Month-to-month,69.3,No
43,Fiber optic,Yes,No,Month-to-month,75.2,Yes
1,No,No internet service,No internet service,Month-to-month,20.9,Yes
58,Fiber optic,No,No,One year,94.3,No
59,DSL,Yes,Yes,Two year,76.45,No
44,DSL,Yes,No,One year,54,No
66,Fiber optic,No,Yes,One year,104.25,No
68,No,No internet service,No internet service,Two year,19.95,No
9,DSL,No,No,Month-to-month,24.95,No
19,Fiber optic,Yes,No,Month-to-month,84.75,No
4,No,No internet service,No internet service,Month-to-month,19.75,No
70,Fiber optic,Yes,Yes,Two year,113.65,No
1,DSL,No,No,Month-to-month,44.9,No
8,Fiber optic,No,No,Month-to-month,75.25,No
53,No,No internet service,No internet service,Two year,24.6,No
51,No,No internet service,No internet service,One year,25,No
11,No,No internet service,No internet service,Month-to-month,20.95,No
60,Fiber optic,Yes,Yes,Two year,110.6,No
17,DSL,Yes,No,Month-to-month,55.5,No
3,DSL,No,No,Month-to-month,43.3,Yes
70,Fiber optic,Yes,Yes,One year,109.5,Yes
1,No,No internet service,No internet service,Month-to-month,19.45,No
43,Fiber optic,No,No,Month-to-month,84.85,No
16,No,No internet service,No internet service,Month-to-month,19.6,No
57,DSL,Yes,No,One year,53.45,No
37,No,No internet service,No internet service,One year,19.8,No
72,Fiber optic,Yes,Yes,Two year,112.1,No
11,Fiber optic,No,No,Month-to-month,84.8,Yes
50,Fiber optic,No,No,Month-to-month,95.05,Yes
5,DSL,No,No,Month-to-month,50.35,Yes
1,Fiber optic,No,No,Month-to-month,74.6,Yes
16,No,No internet service,No internet service,Month-to-month,19.7,Yes
2,Fiber optic,No,No,Month-to-month,74.2,No
17,DSL,No,Yes,Month-to-month,69,No
16,No,No internet service,No internet service,One year,19.35,No
15,DSL,No,No,Month-to-month,59.45,Yes
10,No,No internet service,No internet service,One year,19.8,No
46,Fiber optic,Yes,Yes,One year,105.2,Yes
64,Fiber optic,No,Yes,Two year,109.2,No
1,Fiber optic,No,No,Month-to-month,79.15,No
25,DSL,No,No,One year,53.65,No
71,Fiber optic,Yes,Yes,Two year,100.2,No
8,DSL,No,No,Month-to-month,45.15,Yes
72,Fiber optic,Yes,Yes,Two year,108.65,No
49,DSL,Yes,No,Month-to-month,40.65,No
29,DSL,Yes,Yes,One year,55.35,No
72,Fiber optic,Yes,Yes,Two year,105.6,No
31,Fiber optic,No,No,Month-to-month,93.8,Yes
50,Fiber optic,No,No,Month-to-month,95.7,No
71,DSL,Yes,Yes,Two year,83.2,No
70,DSL,Yes,Yes,Two year,90.05,No
71,Fiber optic,Yes,Yes,One year,97.65,No
61,DSL,Yes,Yes,Two year,68.05,No
32,Fiber optic,No,Yes,Month-to-month,96.2,Yes
1,Fiber optic,No,No,Month-to-month,79.6,Yes
68,Fiber optic,Yes,No,Two year,102.1,No
62,No,No internet service,No internet service,Two year,23.4,No
7,Fiber optic,No,No,Month-to-month,71.05,No
20,Fiber optic,No,No,Month-to-month,85.25,Yes
6,No,No internet service,No internet service,One year,19.45,No
33,DSL,Yes,No,Month-to-month,59.45,No
28,Fiber optic,No,No,One year,92.2,No
27,No,No internet service,No internet service,Two year,19.85,No
7,DSL,No,No,Month-to-month,43.9,No
26,Fiber optic,No,Yes,Month-to-month,80.5,Yes
5,Fiber optic,No,No,Month-to-month,89.8,Yes
30,Fiber optic,Yes,No,Month-to-month,90.5,No
63,Fiber optic,No,No,One year,90.45,No
1,DSL,No,No,Month-to-month,50.75,Yes
53,DSL,No,Yes,One year,84.6,No
14,Fiber optic,No,Yes,Month-to-month,89.65,Yes
21,Fiber optic,No,Yes,Month-to-month,99.15,No
17,No,No internet service,No internet service,One year,19.95,No
16,No,No internet service,No internet service,Two year,20.5,No
35,DSL,No,No,Month-to-month,62.1,No
32,Fiber optic,No,No,Month-to-month,79.5,No
28,No,No internet service,No internet service,Month-to-month,19.55,No
1,No,No internet service,No internet service,Month-to-month,20.35,No
59,DSL,No,Yes,Month-to-month,51.7,No
72,No,No internet service,No internet service,One year,23.3,No
36,DSL,No,Yes,One year,65.4,Yes
40,DSL,Yes,No,Month-to-month,65.1,No
40,Fiber optic,No,No,Month-to-month,81.2,No
9,DSL,No,Yes,Month-to-month,72.9,Yes
63,DSL,Yes,Yes,Two year,74.5,No
3,Fiber optic,No,No,Month-to-month,80.5,No
40,DSL,No,Yes,One year,60.3,No
8,Fiber optic,Yes,No,Month-to-month,75,No
34,Fiber optic,Yes,Yes,One year,90.15,No
5,DSL,Yes,Yes,Month-to-month,40,Yes
9,Fiber optic,No,No,Month-to-month,99.45,Yes
9,DSL,No,No,Month-to-month,69.05,No
31,DSL,No,No,Month-to-month,59.7,No
50,No,No internet service,No internet service,One year,19.85,No
2,Fiber optic,Yes,Yes,Month-to-month,86.25,Yes
1,DSL,No,No,Month-to-month,45.65,Yes
8,Fiber optic,No,No,Month-to-month,70.1,Yes
9,DSL,No,No,Month-to-month,40.75,No
2,Fiber optic,No,No,Month-to-month,70.2,Yes
3,DSL,Yes,No,Month-to-month,55.35,Yes
25,Fiber optic,No,Yes,Month-to-month,95.7,No
1,DSL,No,No,Month-to-month,46.3,No
45,DSL,Yes,Yes,Month-to-month,81.3,No
51,Fiber optic,No,No,Month-to-month,84.2,Yes
55,No,No internet service,No internet service,Month-to-month,20,No
38,DSL,Yes,No,Month-to-month,66.15,No
2,DSL,No,No,Month-to-month,45.85,Yes
38,No,No internet service,No internet service,Month-to-month,19.6,No
34,DSL,No,No,Month-to-month,49.8,No
70,Fiber optic,No,No,One year,101.75,No
13,DSL,Yes,Yes,One year,55.15,No
39,Fiber optic,No,No,Month-to-month,75.25,Yes
61,Fiber optic,No,No,One year,103.95,No
12,Fiber optic,No,No,Month-to-month,100.15,Yes
41,Fiber optic,No,Yes,Two year,99.65,No
21,Fiber optic,No,No,Month-to-month,73.7,No
55,DSL,No,No,One year,50.05,No
69,DSL,Yes,Yes,Two year,60.25,No
26,Fiber optic,No,No,Month-to-month,105.75,Yes
69,Fiber optic,Yes,No,One year,87.3,No
18,DSL,No,No,Month-to-month,48.35,Yes
47,DSL,No,No,Month-to-month,54.25,No
72,DSL,Yes,Yes,Two year,85.3,No
33,DSL,No,Yes,Month-to-month,50,No
2,DSL,No,No,Month-to-month,24.4,Yes
72,DSL,Yes,Yes,Two year,90.95,No
37,Fiber optic,No,No,Month-to-month,72.25,No
62,Fiber optic,No,No,Month-to-month,96.1,No
71,No,No internet service,No internet service,Two year,19.85,No
23,DSL,No,Yes,Month-to-month,55.3,No
16,No,No internet service,No internet service,One year,20.1,No
9,DSL,Yes,Yes,Month-to-month,69.5,No
17,No,No internet service,No internet service,Two year,25.15,No
4,No,No internet service,No internet service,Month-to-month,20.95,Yes
1,DSL,Yes,No,Month-to-month,49.55,Yes
24,Fiber optic,No,No,Month-to-month,79.65,No
1,Fiber optic,No,No,Month-to-month,71.25,No
72,Fiber optic,Yes,Yes,Two year,113.8,No
72,No,No internet service,No internet service,Two year,24.55,No
11,No,No internet service,No internet service,Month-to-month,19.7,No
9,No,No internet service,No internet service,Month-to-month,20.25,Yes
2,DSL,No,No,Month-to-month,50.15,Yes
60,Fiber optic,No,No,One year,100.5,No
29,Fiber optic,No,No,Month-to-month,95.9,Yes
49,DSL,No,Yes,Two year,74.45,No
30,Fiber optic,No,No,Month-to-month,104.1,No
53,No,No internet service,No internet service,One year,19.05,No
39,No,No internet service,No internet service,Two year,25,No
9,No,No internet service,No internet service,Month-to-month,19.05,No
39,Fiber optic,No,Yes,One year,81.9,No
8,Fiber optic,No,No,Month-to-month,69.7,No
51,Fiber optic,No,No,One year,90.15,No
71,No,No internet service,No internet service,Two year,25.35,No
71,No,No internet service,No internet service,Two year,24.65,No
70,No,No internet service,No internet service,Two year,19.55,No
1,DSL,No,No,Month-to-month,25.25,Yes
38,DSL,Yes,Yes,Two year,60,No
28,Fiber optic,No,No,Month-to-month,89.9,No
32,No,No internet service,No internet service,Month-to-month,19.4,No
49,DSL,No,No,Two year,49.8,No
37,No,No internet service,No internet service,Two year,24.1,No
10,DSL,No,Yes,Month-to-month,54.25,No
67,Fiber optic,Yes,No,One year,109.9,No
7,DSL,No,Yes,One year,35.5,No
51,Fiber optic,No,No,One year,87.55,No
9,DSL,No,No,Month-to-month,45.15,Yes
9,Fiber optic,No,No,Month-to-month,88.4,No
4,DSL,No,Yes,Month-to-month,50.8,No
71,Fiber optic,Yes,No,Two year,99,No
50,Fiber optic,No,No,Month-to-month,84.4,Yes
24,Fiber optic,No,No,Two year,96.55,No
22,DSL,Yes,No,One year,59.75,No
44,Fiber optic,Yes,No,Month-to-month,111.5,No
33,No,No internet service,No internet service,Month-to-month,24.25,No
1,Fiber optic,No,No,Month-to-month,75.1,Yes
54,DSL,No,No,One year,70.15,Yes
42,Fiber optic,No,No,Month-to-month,101.75,Yes
1,DSL,No,No,Month-to-month,45.8,Yes
1,No,No internet service,No internet service,Month-to-month,20.5,No
30,DSL,Yes,Yes,One year,70.4,No
1,DSL,No,Yes,Month-to-month,30.55,No
16,DSL,Yes,Yes,Month-to-month,84.9,No
1,No,No internet service,No internet service,Month-to-month,20.1,Yes
9,DSL,No,Yes,Month-to-month,40.65,Yes
46,Fiber optic,No,No,Month-to-month,101,Yes
1,Fiber optic,No,No,Month-to-month,69.1,Yes
71,DSL,Yes,Yes,Two year,54.5,No
43,Fiber optic,No,No,Month-to-month,75.35,No
50,DSL,Yes,Yes,One year,44.45,No
13,Fiber optic,No,No,Month-to-month,75,Yes
19,Fiber optic,No,Yes,One year,100,Yes
41,Fiber optic,No,No,Month-to-month,98.05,No
1,Fiber optic,No,No,Month-to-month,71.15,Yes
24,DSL,No,No,Month-to-month,54.15,Yes
40,DSL,No,No,One year,63.9,No
3,DSL,No,No,Month-to-month,69.15,No
37,DSL,Yes,No,One year,64.65,No
67,Fiber optic,Yes,Yes,Two year,108.75,Yes
32,Fiber optic,No,No,Month-to-month,98.85,No
6,DSL,No,Yes,Month-to-month,49.15,Yes
32,Fiber optic,Yes,No,Month-to-month,89.6,No
59,Fiber optic,No,No,Month-to-month,83.25,No
30,DSL,No,Yes,One year,70.25,No
20,No,No internet service,No internet service,Month-to-month,19.4,Yes
27,No,No internet service,No internet service,Two year,24.5,No
20,Fiber optic,Yes,No,Month-to-month,79.15,Yes
9,No,No internet service,No internet service,One year,20.1,No
68,DSL,Yes,No,One year,73,No
69,DSL,Yes,Yes,Two year,61.4,No
26,Fiber optic,No,Yes,Month-to-month,84.3,No
69,No,No internet service,No internet service,Two year,19.9,No
11,No,No internet service,No internet service,Two year,20.4,No
1,DSL,No,No,Month-to-month,50.75,No
10,No,No internet service,No internet service,One year,20.45,No
55,DSL,Yes,Yes,One year,75.75,No
44,DSL,Yes,Yes,One year,65.4,No
46,Fiber optic,No,No,Month-to-month,80.4,Yes
69,DSL,Yes,No,Two year,59.75,No
11,Fiber optic,No,No,Month-to-month,78.5,No
11,Fiber optic,No,No,Month-to-month,102,Yes
29,DSL,No,No,Month-to-month,48.95,No
57,Fiber optic,Yes,No,Month-to-month,99.65,No
28,No,No internet service,No internet service,One year,18.25,No
42,DSL,Yes,No,Month-to-month,54.55,No
2,No,No internet service,No internet service,Month-to-month,20.65,Yes
23,DSL,Yes,Yes,One year,40.65,No
18,No,No internet service,No internet service,Month-to-month,20.45,No
62,No,No internet service,No internet service,One year,24.8,No
1,Fiber optic,No,No,Month-to-month,70.8,Yes
16,Fiber optic,No,Yes,Month-to-month,89.05,Yes
3,Fiber optic,No,No,Month-to-month,96.6,Yes
67,DSL,Yes,Yes,One year,88.8,No
62,No,No internet service,No internet service,Two year,20.05,No
57,Fiber optic,No,No,Month-to-month,104.5,Yes
2,Fiber optic,No,No,Month-to-month,69.8,No
23,DSL,Yes,Yes,Two year,77.15,No
25,DSL,Yes,Yes,Two year,35.05,No
72,Fiber optic,No,Yes,Two year,108.1,No
2,Fiber optic,No,No,Month-to-month,84.05,No
8,No,No internet service,No internet service,One year,20.2,No
5,DSL,No,No,Month-to-month,50.6,Yes
35,DSL,No,No,Month-to-month,49.2,No
24,No,No internet service,No internet service,One year,24.6,No
2,Fiber optic,No,No,Month-to-month,71.65,No
72,Fiber optic,Yes,Yes,Two year,104.9,No
41,Fiber optic,Yes,Yes,Month-to-month,106.5,No
4,DSL,Yes,No,Month-to-month,49.35,Yes
26,Fiber optic,No,No,One year,75.5,No
7,Fiber optic,No,No,Month-to-month,94.25,Yes
1,Fiber optic,No,No,Month-to-month,68.95,Yes
4,DSL,No,Yes,Month-to-month,58.5,No
48,DSL,No,Yes,Two year,78.9,No
2,Fiber optic,No,No,Month-to-month,93.85,Yes
12,DSL,Yes,Yes,One year,79.2,No
60,Fiber optic,Yes,Yes,Month-to-month,109.45,No
55,DSL,Yes,Yes,Two year,59.2,No
1,DSL,No,Yes,Month-to-month,29.15,No
1,No,No internet service,No internet service,Month-to-month,20.05,No
4,Fiber optic,No,No,Month-to-month,76.05,Yes
1,DSL,No,No,Month-to-month,24.45,Yes
42,DSL,No,Yes,Two year,66.5,No
1,DSL,Yes,No,Month-to-month,49.55,No
7,Fiber optic,No,No,Month-to-month,89.35,Yes
3,Fiber optic,No,No,Month-to-month,73.6,No
72,DSL,Yes,No,Two year,82.65,No
15,DSL,No,No,Month-to-month,49,No
4,Fiber optic,No,No,Month-to-month,80.35,Yes
11,No,No internet service,No internet service,One year,25.2,No
5,No,No internet service,No internet service,Month-to-month,25.45,No
1,DSL,Yes,No,Month-to-month,55.8,Yes
72,Fiber optic,Yes,Yes,Two year,110.9,No
55,Fiber optic,No,No,Month-to-month,77.75,No
40,No,No internet service,No internet service,Month-to-month,26.2,No
57,No,No internet service,No internet service,Two year,19.9,No
1,Fiber optic,No,No,Month-to-month,79.05,Yes
1,Fiber optic,Yes,No,Month-to-month,95,Yes
1,DSL,No,No,Month-to-month,25.2,Yes
52,DSL,No,No,One year,80.85,No
41,Fiber optic,No,No,Month-to-month,98.4,Yes
43,DSL,No,No,One year,56.35,No
47,No,No internet service,No internet service,Two year,19.3,No
3,DSL,No,No,Month-to-month,50.4,No
66,DSL,Yes,Yes,Two year,79.4,Yes
55,DSL,No,Yes,Two year,55.25,No
29,No,No internet service,No internet service,One year,19.1,No
12,Fiber optic,No,No,Month-to-month,84.05,No
66,Fiber optic,No,No,Month-to-month,105.2,No
35,Fiber optic,No,No,Month-to-month,101.4,Yes
10,Fiber optic,No,No,Month-to-month,89.8,Yes
27,Fiber optic,No,No,Month-to-month,75.75,No
58,Fiber optic,No,Yes,Month-to-month,95.3,No
54,Fiber optic,Yes,Yes,Two year,109.75,Yes
9,No,No internet service,No internet service,Month-to-month,19.85,No
2,No,No internet service,No internet service,One year,19.3,Yes
6,Fiber optic,No,No,Month-to-month,69.1,No
26,Fiber optic,No,No,Month-to-month,91.25,Yes
9,No,No internet service,No internet service,Month-to-month,20.25,No
8,DSL,No,No,Month-to-month,54.75,No
12,Fiber optic,No,No,Month-to-month,81.45,No
15,DSL,No,No,Month-to-month,49.1,Yes
43,DSL,Yes,No,One year,80.2,No
42,Fiber optic,No,Yes,Month-to-month,100.3,No
31,DSL,Yes,Yes,Month-to-month,65.25,Yes
66,Fiber optic,Yes,Yes,Two year,90.95,No
18,Fiber optic,No,Yes,Month-to-month,85.45,Yes
1,No,No internet service,No internet service,Month-to-month,20,No
61,Fiber optic,No,Yes,Two year,94.1,Yes
10,Fiber optic,No,No,Month-to-month,79.85,No
1,Fiber optic,No,No,Month-to-month,71.65,Yes
18,Fiber optic,No,No,Month-to-month,73.55,No
24,Fiber optic,No,No,Month-to-month,104.65,Yes
3,No,No internet service,No internet service,Month-to-month,19.3,No
50,No,No internet service,No internet service,One year,20.15,No
1,DSL,No,No,Month-to-month,44.55,No
2,DSL,Yes,Yes,Month-to-month,54.45,No
17,No,No internet service,No internet service,One year,19.65,No
69,Fiber optic,No,No,Two year,105,No
72,DSL,Yes,Yes,Two year,88.7,No
3,Fiber optic,No,No,Month-to-month,74.25,Yes
50,DSL,Yes,No,Two year,75.15,No
53,No,No internet service,No internet service,Two year,20.25,No
58,Fiber optic,Yes,Yes,Two year,109.1,No
46,DSL,Yes,No,One year,30.75,No
72,Fiber optic,Yes,Yes,Month-to-month,112.9,No
1,Fiber optic,No,No,Month-to-month,74.2,Yes
6,Fiber optic,No,No,Month-to-month,94.05,No
72,DSL,Yes,Yes,Two year,78.85,No
4,DSL,No,No,Month-to-month,55.3,No
52,No,No internet service,No internet service,Two year,19.35,No
0,No,No internet service,No internet service,Two year,25.35,No
2,No,No internet service,No internet service,One year,20.45,No
65,No,No internet service,No internet service,Two year,19.35,No
43,Fiber optic,No,No,Month-to-month,101,Yes
4,Fiber optic,No,No,Month-to-month,100.2,Yes
25,Fiber optic,Yes,No,One year,89.05,Yes
51,DSL,No,Yes,One year,78.65,No
12,DSL,No,No,Month-to-month,74.75,No
57,DSL,Yes,No,One year,70.1,Yes
24,No,No internet service,No internet service,One year,19.9,No
64,DSL,No,Yes,One year,58.35,No
4,Fiber optic,No,Yes,One year,105.65,Yes
26,Fiber optic,No,No,Month-to-month,100.5,No
15,No,No internet service,No internet service,Month-to-month,20.05,No
64,No,No internet service,No internet service,Two year,25.65,No
36,Fiber optic,No,No,Month-to-month,96.5,Yes
27,Fiber optic,No,No,Month-to-month,95,No
1,Fiber optic,No,No,Month-to-month,70.85,Yes
35,DSL,Yes,Yes,One year,85.95,Yes
4,Fiber optic,No,No,Month-to-month,73.9,Yes
8,DSL,No,No,Month-to-month,45.45,No
10,No,No internet service,No internet service,Month-to-month,20,No
2,DSL,No,No,Month-to-month,49.2,No
58,Fiber optic,Yes,No,Two year,109.45,Yes
51,DSL,Yes,Yes,Two year,83.25,No
46,No,No internet service,No internet service,Two year,19.25,No
1,No,No internet service,No internet service,Month-to-month,19.65,No
46,Fiber optic,No,No,Month-to-month,72.8,No
50,Fiber optic,Yes,Yes,Month-to-month,109.65,No
53,DSL,No,Yes,Month-to-month,65,No
61,Fiber optic,No,Yes,Month-to-month,114.1,No
5,No,No internet service,No internet service,Month-to-month,20.65,No
47,DSL,Yes,Yes,One year,86.95,No
54,Fiber optic,No,No,One year,94.75,No
19,DSL,No,No,Month-to-month,25.35,No
26,Fiber optic,No,Yes,Two year,105.45,No
70,No,No internet service,No internet service,Two year,25.4,No
17,Fiber optic,No,No,Month-to-month,102.55,No
30,Fiber optic,No,No,Month-to-month,100.2,Yes
1,No,No internet service,No internet service,Month-to-month,24,No
19,No,No internet service,No internet service,Two year,25.6,No
26,DSL,No,No,Two year,73.5,No
21,Fiber optic,No,No,Month-to-month,74.05,Yes
50,Fiber optic,No,No,One year,98.25,No
68,DSL,Yes,No,One year,54.4,No
3,Fiber optic,No,No,Month-to-month,101.55,Yes
9,Fiber optic,No,Yes,Month-to-month,103.1,No
51,DSL,Yes,Yes,Two year,34.2,No
9,DSL,No,No,Month-to-month,43.75,No
41,Fiber optic,No,Yes,One year,111.95,Yes
22,Fiber optic,No,No,Month-to-month,100.65,No
21,DSL,Yes,No,One year,55.95,Yes
71,Fiber optic,Yes,Yes,Two year,116.05,No
1,DSL,No,No,Month-to-month,45.75,Yes
26,DSL,No,Yes,One year,82,No
71,DSL,Yes,Yes,Two year,65.15,No
4,DSL,No,No,Month-to-month,44.8,No
12,Fiber optic,Yes,No,Month-to-month,79.8,No
18,Fiber optic,No,Yes,Month-to-month,88.85,No
3,Fiber optic,No,No,Month-to-month,74.95,No
72,Fiber optic,Yes,No,One year,106.85,No
11,Fiber optic,No,No,Month-to-month,74.95,Yes
1,Fiber optic,No,No,Month-to-month,80.15,Yes
13,No,No internet service,No internet service,One year,19.3,No
72,Fiber optic,No,Yes,One year,109.25,Yes
42,DSL,Yes,No,One year,56.1,No
17,No,No internet service,No internet service,Month-to-month,19.7,No
7,DSL,No,No,Month-to-month,51.3,No
68,Fiber optic,Yes,Yes,Two year,118.6,No
56,No,No internet service,No internet service,Two year,24.15,No
38,No,No internet service,No internet service,One year,20.3,No
72,Fiber optic,Yes,Yes,Two year,115.5,No
48,No,No internet service,No internet service,One year,25.05,No
52,Fiber optic,Yes,No,Month-to-month,109.1,No
35,No,No internet service,No internet service,One year,19.65,No
67,Fiber optic,No,Yes,Two year,111.3,No
1,DSL,Yes,No,Month-to-month,29.9,No
53,Fiber optic,No,Yes,Month-to-month,80.6,No
34,No,No internet service,No internet service,Month-to-month,20.8,No
3,DSL,No,No,Month-to-month,35.2,Yes
1,Fiber optic,No,No,Month-to-month,78.8,Yes
19,Fiber optic,No,Yes,Month-to-month,89.95,No
60,Fiber optic,Yes,Yes,Two year,116.05,No
11,No,No internet service,No internet service,Two year,19.55,No
47,Fiber optic,No,No,Month-to-month,106.4,Yes
18,DSL,Yes,No,Month-to-month,49.4,Yes
60,Fiber optic,Yes,Yes,Two year,115.25,No
72,No,No internet service,No internet service,Two year,24.8,No
39,No,No internet service,No internet service,One year,19.9,No
59,Fiber optic,Yes,No,One year,81.25,No
2,Fiber optic,No,No,Month-to-month,69.95,No
1,Fiber optic,No,No,Month-to-month,69.1,Yes
20,Fiber optic,No,No,Month-to-month,90.2,Yes
6,Fiber optic,No,No,Month-to-month,93.55,Yes
71,Fiber optic,No,Yes,Two year,86.4,No
24,DSL,Yes,No,Month-to-month,66.3,No
67,Fiber optic,No,No,Month-to-month,94.65,No
1,Fiber optic,No,No,Month-to-month,80.85,Yes
48,Fiber optic,No,No,One year,82.05,Yes
37,DSL,No,Yes,One year,72.1,No
11,DSL,No,No,Month-to-month,34.7,No
3,No,No internet service,No internet service,Month-to-month,20.55,Yes
18,Fiber optic,No,No,Month-to-month,95.95,No
50,DSL,No,No,One year,44.8,No
67,Fiber optic,Yes,Yes,One year,109.4,No
25,DSL,Yes,Yes,Month-to-month,71.05,No
2,Fiber optic,No,No,Month-to-month,78.55,Yes
9,No,No internet service,No internet service,Month-to-month,19.7,No
10,DSL,Yes,Yes,One year,40.25,No
70,No,No internet service,No internet service,Two year,19.85,No
9,DSL,Yes,Yes,Month-to-month,68.25,No
4,No,No internet service,No internet service,Month-to-month,20.15,No
2,DSL,Yes,No,Month-to-month,50.95,No
1,Fiber optic,No,No,Month-to-month,78.65,Yes
19,DSL,No,No,Month-to-month,25.15,No
7,No,No internet service,No internet service,Month-to-month,20.25,No
1,DSL,No,No,Month-to-month,42.9,Yes
1,DSL,No,No,Month-to-month,44,No
9,No,No internet service,No internet service,One year,20.25,No
3,DSL,Yes,Yes,Month-to-month,34.25,Yes
9,DSL,Yes,Yes,Month-to-month,58.5,Yes
5,DSL,Yes,No,Month-to-month,55.8,No
56,Fiber optic,No,No,One year,88.9,No
18,DSL,Yes,No,Month-to-month,57.65,No
49,Fiber optic,No,No,Month-to-month,96.2,Yes
70,DSL,Yes,Yes,Two year,79.15,No
72,Fiber optic,No,Yes,Two year,108.05,No
6,Fiber optic,No,No,Month-to-month,74.4,Yes
17,Fiber optic,No,No,Month-to-month,94.8,No
29,DSL,No,No,Month-to-month,45.9,No
6,Fiber optic,No,No,Month-to-month,105.3,Yes
63,Fiber optic,No,No,Two year,102.6,No
16,Fiber optic,No,No,Month-to-month,73.85,Yes
59,DSL,No,No,One year,61.35,No
3,DSL,No,No,Month-to-month,57.55,No
8,DSL,No,No,Month-to-month,29.25,No
7,Fiber optic,No,No,Month-to-month,84.55,Yes
68,No,No internet service,No internet service,Two year,19.6,No
68,Fiber optic,Yes,Yes,Two year,111.75,No
52,Fiber optic,No,No,One year,106.5,No
72,Fiber optic,Yes,Yes,Two year,107.7,No
32,No,No internet service,No internet service,One year,19.3,No
72,No,No internet service,No internet service,Two year,20.05,No
1,Fiber optic,No,No,Month-to-month,69.95,No
42,DSL,Yes,Yes,One year,63.7,No
25,No,No internet service,No internet service,Two year,24.75,Yes
45,DSL,Yes,No,Month-to-month,50.9,No
43,DSL,Yes,Yes,One year,60.4,No
37,DSL,Yes,No,One year,79.25,No
20,Fiber optic,No,No,Month-to-month,85.8,Yes
4,DSL,No,No,Month-to-month,24.45,Yes
63,Fiber optic,Yes,Yes,Two year,110.1,No
3,Fiber optic,No,No,Month-to-month,90.7,No
66,No,No internet service,No internet service,Two year,25.3,No
28,Fiber optic,No,No,Month-to-month,105.7,Yes
8,Fiber optic,No,No,Month-to-month,85.2,No
71,No,No internet service,No internet service,Two year,24.35,No
1,DSL,No,No,Month-to-month,24.25,Yes
72,No,No internet service,No internet service,Two year,25.1,No
16,DSL,Yes,No,Month-to-month,54.55,No
66,Fiber optic,Yes,Yes,Two year,96.6,No
11,Fiber optic,No,No,Month-to-month,76.5,Yes
51,DSL,Yes,Yes,One year,81.15,No
8,DSL,Yes,No,Month-to-month,38.5,No
14,Fiber optic,No,No,Month-to-month,92.9,No
4,Fiber optic,No,Yes,Month-to-month,93.5,Yes
70,DSL,Yes,No,Two year,84.7,No
70,DSL,Yes,Yes,Two year,66,No
54,Fiber optic,No,No,One year,101.5,Yes
28,Fiber optic,Yes,No,Month-to-month,74.9,Yes
24,No,No internet service,No internet service,Two year,20.75,No
69,DSL,No,No,Two year,61.45,No
42,DSL,Yes,No,Month-to-month,54.5,No
2,Fiber optic,No,No,Month-to-month,69.6,Yes
39,Fiber optic,No,No,Month-to-month,99.75,No
45,Fiber optic,No,Yes,Two year,109.75,No
72,DSL,Yes,Yes,Two year,80.85,No
38,No,No internet service,No internet service,Two year,20.3,No
72,DSL,Yes,Yes,Two year,67.8,No
1,No,No internet service,No internet service,Month-to-month,24.05,Yes
72,No,No internet service,No internet service,Two year,19.8,No
55,No,No internet service,No internet service,Two year,25.7,No
51,DSL,No,Yes,One year,56.15,No
63,DSL,Yes,Yes,Two year,86.7,No
1,No,No internet service,No internet service,Month-to-month,20.4,No
23,No,No internet service,No internet service,Two year,19.65,No
1,DSL,No,No,Month-to-month,50.55,Yes
2,DSL,No,Yes,Month-to-month,54.35,No
52,Fiber optic,Yes,No,Month-to-month,108.1,No
36,DSL,Yes,No,One year,54.45,No
1,DSL,No,No,Month-to-month,45.35,No
28,DSL,Yes,No,One year,59,No
7,DSL,Yes,No,One year,69.45,No
14,Fiber optic,No,No,Month-to-month,100.55,Yes
72,DSL,Yes,Yes,Two year,64.95,No
1,No,No internet service,No internet service,Month-to-month,20.5,Yes
10,No,No internet service,No internet service,Month-to-month,18.85,No
42,No,No internet service,No internet service,One year,19.8,No
7,DSL,No,No,Month-to-month,25.05,No
4,Fiber optic,No,No,Month-to-month,74.8,Yes
72,Fiber optic,Yes,Yes,Two year,114.3,No
20,DSL,No,No,Month-to-month,24.45,Yes
63,Fiber optic,Yes,Yes,Two year,109.2,No
56,DSL,Yes,Yes,Two year,45.05,No
5,DSL,No,Yes,Month-to-month,51,No
72,Fiber optic,No,Yes,Two year,110.45,No
68,Fiber optic,No,No,Month-to-month,84.65,No
67,DSL,Yes,Yes,One year,60.05,No
8,DSL,No,No,Month-to-month,44.65,No
52,Fiber optic,No,Yes,Month-to-month,93.25,No
18,No,No internet service,No internet service,Month-to-month,20.25,No
59,No,No internet service,No internet service,Two year,25.45,No
60,No,No internet service,No internet service,Two year,20.6,No
7,Fiber optic,No,No,Month-to-month,94.1,No
59,DSL,Yes,No,One year,34.8,No
46,DSL,Yes,Yes,Two year,60.75,No
5,DSL,No,No,Month-to-month,51.35,No
59,DSL,Yes,Yes,Two year,64.05,No
70,DSL,No,Yes,Two year,84.8,No
14,Fiber optic,No,No,Month-to-month,71,Yes
44,DSL,No,No,Month-to-month,50.15,No
64,Fiber optic,Yes,No,Two year,94.6,No
58,DSL,Yes,Yes,Two year,59.75,No
46,Fiber optic,No,Yes,One year,100.25,No
58,Fiber optic,No,No,Month-to-month,98.9,No
72,Fiber optic,No,No,Two year,97.7,No
30,DSL,No,No,Month-to-month,40.3,Yes
11,DSL,Yes,No,Month-to-month,60.25,No
34,DSL,No,No,Month-to-month,56.25,No
54,DSL,Yes,No,Two year,46.2,No
3,DSL,No,No,Month-to-month,50.6,Yes
72,No,No internet service,No internet service,Two year,24.9,No
40,Fiber optic,No,Yes,Month-to-month,84.85,Yes
2,DSL,No,No,Month-to-month,65.7,Yes
54,DSL,No,No,Two year,63.35,No
14,DSL,Yes,No,Month-to-month,50.1,No
1,Fiber optic,No,No,Month-to-month,70.5,Yes
10,Fiber optic,No,No,Month-to-month,94.85,Yes
1,DSL,Yes,No,Month-to-month,50.15,No
1,No,No internet service,No internet service,Month-to-month,19.75,Yes
56,DSL,Yes,Yes,One year,64.65,No
68,DSL,Yes,Yes,Two year,79.6,No
14,No,No internet service,No internet service,One year,19.5,No
68,Fiber optic,Yes,Yes,Two year,99.55,No
55,Fiber optic,No,No,Month-to-month,74,No
16,DSL,Yes,No,Month-to-month,38.9,No
9,Fiber optic,No,No,Month-to-month,79.55,No
14,DSL,Yes,No,Month-to-month,65.45,Yes
58,Fiber optic,No,No,Month-to-month,98.7,Yes
53,DSL,Yes,No,Month-to-month,46.3,No
70,Fiber optic,Yes,No,Two year,99.35,No
14,Fiber optic,No,No,Month-to-month,95.8,No
22,DSL,Yes,Yes,One year,67.5,Yes
10,Fiber optic,Yes,No,Month-to-month,78.15,No
29,No,No internet service,No internet service,Two year,26.1,No
1,Fiber optic,No,No,Month-to-month,69.6,Yes
49,DSL,Yes,Yes,One year,84.35,Yes
68,Fiber optic,No,No,Month-to-month,100.2,Yes
1,Fiber optic,No,No,Month-to-month,78.05,Yes
30,DSL,No,Yes,One year,40.35,No
72,DSL,Yes,Yes,Two year,79.2,No
10,No,No internet service,No internet service,Month-to-month,20.9,No
7,Fiber optic,No,No,Month-to-month,73.6,Yes
9,Fiber optic,No,No,Month-to-month,74.75,Yes
1,DSL,Yes,No,Month-to-month,49.9,No
20,DSL,No,Yes,Month-to-month,68.9,No
1,No,No internet service,No internet service,Month-to-month,20.25,No
29,Fiber optic,No,No,Month-to-month,76,No
1,Fiber optic,No,Yes,Month-to-month,74,No
3,Fiber optic,Yes,Yes,Month-to-month,82.3,No
20,Fiber optic,Yes,No,Month-to-month,89.4,No
64,Fiber optic,No,Yes,Month-to-month,99.15,No
1,No,No internet service,No internet service,Month-to-month,20.2,Yes
6,DSL,Yes,No,Month-to-month,29.45,No
50,No,No internet service,No internet service,Two year,19.8,No
6,DSL,Yes,No,Month-to-month,59.15,No
7,DSL,No,No,Month-to-month,44.75,No
72,Fiber optic,No,No,Two year,90.8,No
8,DSL,No,No,Month-to-month,49.55,No
67,Fiber optic,Yes,Yes,Two year,106.7,No
24,Fiber optic,No,No,Month-to-month,93.55,Yes
72,Fiber optic,Yes,No,Two year,94.45,No
33,No,No internet service,No internet service,One year,19.45,No
2,DSL,No,No,Month-to-month,25.05,Yes
70,DSL,Yes,Yes,Two year,67.95,No
22,DSL,No,No,One year,65.25,No
59,Fiber optic,Yes,No,Month-to-month,99.45,No
36,No,No internet service,No internet service,One year,20.35,No
51,No,No internet service,No internet service,Two year,19.95,No
53,DSL,Yes,Yes,One year,77.4,No
20,No,No internet service,No internet service,One year,19.7,No
63,Fiber optic,Yes,No,Two year,99.7,No
40,Fiber optic,No,No,Month-to-month,74.8,No
35,No,No internet service,No internet service,One year,19.15,No
26,Fiber optic,No,No,One year,78.95,No
27,Fiber optic,No,No,Month-to-month,95.55,Yes
53,DSL,Yes,Yes,One year,62.85,No
34,Fiber optic,No,No,Month-to-month,71.55,No
19,Fiber optic,No,No,Month-to-month,94.95,No
43,Fiber optic,Yes,No,Month-to-month,86.1,No
6,No,No internet service,No internet service,Month-to-month,19.55,No
56,No,No internet service,No internet service,Two year,24.8,No
57,DSL,No,No,Month-to-month,39.3,Yes
34,Fiber optic,No,No,Month-to-month,84.05,No
10,DSL,No,Yes,Month-to-month,36.25,No
1,No,No internet service,No internet service,Month-to-month,20.25,Yes
13,DSL,No,No,Month-to-month,23.9,Yes
56,Fiber optic,No,No,Month-to-month,98.6,No
55,Fiber optic,No,No,Month-to-month,103.65,No
36,DSL,Yes,Yes,Two year,92.9,No
47,No,No internet service,No internet service,One year,19.9,No
12,No,No internet service,No internet service,Month-to-month,20.1,No
1,Fiber optic,No,No,Month-to-month,85.45,Yes
24,Fiber optic,No,No,Month-to-month,80.5,No
63,Fiber optic,No,No,One year,99.9,Yes
35,DSL,No,No,Month-to-month,39.85,No
67,DSL,Yes,Yes,One year,60.5,No
25,Fiber optic,No,No,Month-to-month,84.8,Yes
21,Fiber optic,Yes,No,Month-to-month,103.85,No
13,DSL,Yes,Yes,Month-to-month,67.8,No
35,Fiber optic,No,No,Month-to-month,75.2,Yes
71,No,No internet service,No internet service,Two year,24.85,No
29,No,No internet service,No internet service,Month-to-month,19.35,No
71,DSL,No,No,Two year,49.35,Yes
7,Fiber optic,No,No,Month-to-month,89,No
57,DSL,No,No,Month-to-month,55,No
65,DSL,Yes,Yes,Two year,76.15,No
27,No,No internet service,No internet service,One year,20.3,No
6,Fiber optic,No,No,Month-to-month,74.9,Yes
72,Fiber optic,Yes,Yes,Two year,117.35,No
1,No,No internet service,No internet service,Month-to-month,19.75,No
11,DSL,No,No,Month-to-month,45.2,No
39,No,No internet service,No internet service,Two year,25.2,No
59,Fiber optic,Yes,No,Month-to-month,89.75,No
26,DSL,Yes,Yes,One year,75,No
2,DSL,No,No,Month-to-month,49.95,No
72,DSL,Yes,Yes,Two year,65.7,No
65,DSL,Yes,No,One year,67.05,No
72,Fiber optic,No,Yes,Two year,110.9,No
6,Fiber optic,No,Yes,Month-to-month,87.95,No
32,No,No internet service,No internet service,One year,19.8,No
50,DSL,No,No,One year,75.7,No
61,DSL,Yes,Yes,Two year,62.15,No
15,Fiber optic,No,No,Month-to-month,101.25,Yes
72,Fiber optic,Yes,Yes,Two year,115.15,No
9,No,No internet service,No internet service,Month-to-month,18.95,Yes
1,No,No internet service,No internet service,Month-to-month,19.5,No
12,Fiber optic,No,No,Month-to-month,86.55,No
37,DSL,No,Yes,Month-to-month,28.6,Yes
61,No,No internet service,No internet service,One year,20.4,No
18,No,No internet service,No internet service,One year,19.8,No
21,DSL,No,No,Month-to-month,45.65,No
68,DSL,Yes,Yes,Two year,56.4,No
12,Fiber optic,No,No,Month-to-month,73.3,No
2,DSL,No,No,Month-to-month,24.35,Yes
62,Fiber optic,No,No,Month-to-month,101.35,No
29,Fiber optic,No,Yes,Month-to-month,98.65,Yes
1,DSL,No,Yes,Month-to-month,33.6,No
5,Fiber optic,No,No,Month-to-month,79.9,Yes
1,No,No internet service,No internet service,Month-to-month,20.7,No
62,Fiber optic,No,Yes,Two year,104.05,No
36,No,No internet service,No internet service,Two year,20.25,No
28,Fiber optic,No,Yes,Month-to-month,103.3,Yes
69,DSL,Yes,Yes,One year,73.7,No
11,Fiber optic,Yes,Yes,Month-to-month,96.2,Yes
63,Fiber optic,No,Yes,Month-to-month,108.75,No
23,No,No internet service,No internet service,One year,20.15,No
10,No,No internet service,No internet service,Month-to-month,19.75,No
71,No,No internet service,No internet service,Two year,25.95,No
45,DSL,Yes,Yes,Month-to-month,70.05,No
70,No,No internet service,No internet service,Two year,24.05,No
22,Fiber optic,No,No,Month-to-month,84.75,No
52,No,No internet service,No internet service,Two year,23.05,No
55,Fiber optic,No,Yes,One year,104.15,Yes
65,DSL,Yes,Yes,Two year,59.95,No
72,No,No internet service,No internet service,Two year,19.55,No
10,No,No internet service,No internet service,One year,19.6,No
7,No,No internet service,No internet service,One year,20.05,No
5,Fiber optic,No,No,Month-to-month,85.55,No
24,DSL,Yes,No,Two year,78.6,No
72,Fiber optic,Yes,Yes,Two year,116.8,No
21,DSL,Yes,Yes,Month-to-month,43.55,No
69,DSL,No,Yes,One year,60.8,No
44,DSL,No,Yes,Month-to-month,54.9,No
61,DSL,No,No,One year,65.2,No
24,Fiber optic,No,No,Month-to-month,102.95,Yes
1,Fiber optic,No,No,Month-to-month,90.6,Yes
6,DSL,No,Yes,Month-to-month,50.8,Yes
4,Fiber optic,No,No,Month-to-month,90.05,Yes
72,Fiber optic,No,Yes,Two year,108.2,No
72,DSL,Yes,Yes,Two year,92,No
14,Fiber optic,No,No,Month-to-month,75.1,No
7,No,No internet service,No internet service,Month-to-month,25.05,No
48,Fiber optic,No,No,One year,75.15,No
55,No,No internet service,No internet service,One year,19.5,No
1,No,No internet service,No internet service,Month-to-month,19.3,No
45,Fiber optic,Yes,Yes,One year,112.2,No
3,Fiber optic,No,No,Month-to-month,70.3,No
71,No,No internet service,No internet service,Two year,19.6,No
8,No,No internet service,No internet service,Month-to-month,20.25,No
3,Fiber optic,No,No,Month-to-month,75.85,Yes
69,DSL,Yes,Yes,Two year,80.65,No
1,Fiber optic,No,No,Month-to-month,68.5,Yes
72,Fiber optic,Yes,Yes,Two year,115.75,No
11,Fiber optic,Yes,No,Month-to-month,73.5,Yes
71,DSL,Yes,Yes,Two year,80.6,No
1,Fiber optic,No,No,Month-to-month,69.95,Yes
33,DSL,Yes,Yes,Two year,59.55,No
16,No,No internet service,No internet service,One year,19.05,No
56,Fiber optic,Yes,Yes,One year,95.65,No
1,No,No internet service,No internet service,Month-to-month,19.95,No
5,DSL,No,No,Month-to-month,70.05,Yes
57,No,No internet service,No internet service,One year,19.4,No
56,DSL,No,No,One year,36.1,No
8,Fiber optic,No,No,Month-to-month,94,Yes
22,DSL,Yes,No,Month-to-month,61.15,Yes
1,No,No internet service,No internet service,Month-to-month,19.75,No
40,DSL,Yes,Yes,Month-to-month,64.1,No
46,No,No internet service,No internet service,Two year,19.75,No
63,No,No internet service,No internet service,Two year,19.7,No
68,Fiber optic,Yes,No,Two year,110.2,No
69,Fiber optic,Yes,Yes,Two year,106.35,No
56,Fiber optic,No,Yes,Month-to-month,90.55,No
10,DSL,No,No,One year,65.9,No
63,Fiber optic,Yes,Yes,One year,104.5,No
24,DSL,Yes,Yes,Two year,52.5,No
19,DSL,No,No,Month-to-month,56.1,No
22,Fiber optic,No,No,Month-to-month,88.75,No
29,Fiber optic,Yes,No,Month-to-month,84.45,Yes
13,DSL,No,No,One year,75.3,Yes
70,No,No internet service,No internet service,Two year,26,No
49,Fiber optic,No,No,Month-to-month,99.4,No
43,Fiber optic,Yes,Yes,One year,109.55,Yes
3,No,No internet service,No internet service,Month-to-month,19.6,Yes
42,DSL,No,Yes,One year,73.15,No
57,DSL,No,Yes,One year,54.65,No
2,DSL,Yes,No,Month-to-month,66.4,Yes
72,Fiber optic,Yes,Yes,Two year,115.55,No
46,Fiber optic,No,No,Month-to-month,104.45,No
66,Fiber optic,No,Yes,Month-to-month,100.05,Yes
62,Fiber optic,Yes,Yes,One year,102,Yes
72,DSL,Yes,Yes,Two year,91.15,No
35,Fiber optic,No,Yes,One year,89.7,No
17,Fiber optic,Yes,No,Month-to-month,90.2,Yes
72,DSL,Yes,Yes,Two year,92.4,No
28,No,No internet service,No internet service,One year,19.9,No
56,No,No internet service,No internet service,Two year,25.15,Yes
31,Fiber optic,No,Yes,Month-to-month,79.85,Yes
45,No,No internet service,No internet service,One year,18.85,No
1,No,No internet service,No internet service,Month-to-month,25.75,No
2,DSL,No,No,Month-to-month,49.6,Yes
6,No,No internet service,No internet service,Month-to-month,20.95,No
48,Fiber optic,No,No,One year,97.05,No
25,No,No internet service,No internet service,Month-to-month,25.4,No
64,No,No internet service,No internet service,Two year,19.7,No
50,DSL,Yes,No,Month-to-month,35,No
52,Fiber optic,No,No,One year,101.25,No
4,Fiber optic,No,No,Month-to-month,70.2,No
32,Fiber optic,No,No,Month-to-month,90.95,No
45,DSL,Yes,Yes,Two year,73.85,No
9,Fiber optic,Yes,No,Month-to-month,88.05,No
66,Fiber optic,No,Yes,One year,105.95,Yes
3,Fiber optic,No,No,Month-to-month,91.85,Yes
54,No,No internet service,No internet service,Two year,20.1,No
1,DSL,No,Yes,Month-to-month,40.1,Yes
64,Fiber optic,Yes,Yes,Two year,110.3,No
31,Fiber optic,No,No,Month-to-month,73.9,Yes
14,Fiber optic,No,No,Month-to-month,89.8,Yes
12,Fiber optic,Yes,No,One year,85.15,No
67,DSL,Yes,Yes,One year,60.95,No
35,DSL,Yes,Yes,Month-to-month,72.25,Yes
45,DSL,Yes,Yes,Two year,73.55,No
10,DSL,No,No,Month-to-month,46,No
29,DSL,Yes,No,Month-to-month,58.55,No
24,No,No internet service,No internet service,One year,24.6,No
66,No,No internet service,No internet service,Two year,19.75,No
51,Fiber optic,Yes,No,One year,86.35,No
45,No,No internet service,No internet service,Two year,25.5,No
49,No,No internet service,No internet service,One year,19,No
29,No,No internet service,No internet service,Two year,19.55,No
40,Fiber optic,Yes,Yes,Month-to-month,110.1,No
37,Fiber optic,No,No,Month-to-month,96.55,Yes
25,Fiber optic,No,No,Month-to-month,69.75,No
22,DSL,No,No,Month-to-month,50.6,No
72,DSL,Yes,Yes,Two year,65.6,No
7,DSL,No,No,Month-to-month,40.1,Yes
33,DSL,No,Yes,Two year,82.1,No
23,Fiber optic,No,Yes,Month-to-month,79.1,No
24,Fiber optic,No,No,Month-to-month,101.25,Yes
1,Fiber optic,No,No,Month-to-month,79.55,Yes
69,DSL,Yes,Yes,Two year,90.65,No
3,No,No internet service,No internet service,One year,20.55,No
56,DSL,No,Yes,One year,75.75,No
65,Fiber optic,Yes,Yes,One year,110,No
71,No,No internet service,No internet service,One year,20.85,No
14,Fiber optic,No,No,Month-to-month,80.35,No
2,Fiber optic,No,No,Month-to-month,70.15,No
32,Fiber optic,No,No,One year,84.05,Yes
40,DSL,Yes,No,Month-to-month,67.45,No
1,No,No internet service,No internet service,Month-to-month,20.75,No
1,Fiber optic,No,No,Month-to-month,89.1,Yes
7,Fiber optic,No,No,Month-to-month,69.9,No
15,DSL,No,No,Month-to-month,51.1,No
17,Fiber optic,Yes,No,Month-to-month,94.4,Yes
19,Fiber optic,No,No,Month-to-month,78.25,Yes
71,No,No internet service,No internet service,Two year,25.55,No
54,DSL,Yes,Yes,Two year,60,No
31,Fiber optic,Yes,Yes,Month-to-month,90.55,No
11,Fiber optic,Yes,No,Month-to-month,76.4,No
18,Fiber optic,No,No,Month-to-month,84.95,No
72,Fiber optic,Yes,Yes,Two year,110.1,No
71,Fiber optic,No,No,Month-to-month,99.65,No
5,DSL,No,Yes,Month-to-month,45.4,No
38,DSL,No,Yes,One year,69,No
5,DSL,No,Yes,Month-to-month,48.65,No
2,DSL,No,No,Month-to-month,44.15,Yes
52,DSL,Yes,No,Two year,59.85,No
8,Fiber optic,No,No,Month-to-month,75.75,Yes
68,DSL,No,No,Two year,80.65,No
69,No,No internet service,No internet service,One year,20.55,No
42,DSL,Yes,Yes,Month-to-month,66.4,No
50,Fiber optic,No,Yes,Two year,100.2,No
1,No,No internet service,No internet service,Month-to-month,19.1,Yes
1,Fiber optic,Yes,No,Month-to-month,80.3,Yes
33,DSL,No,No,Month-to-month,44.55,No
7,No,No internet service,No internet service,Month-to-month,20.35,No
64,Fiber optic,Yes,No,Month-to-month,91.8,No
1,Fiber optic,No,No,Month-to-month,74.9,Yes
59,No,No internet service,No internet service,Two year,20.2,No
6,DSL,No,No,Month-to-month,50.35,No
3,No,No internet service,No internet service,Month-to-month,18.8,No
15,No,No internet service,No internet service,Month-to-month,20.45,No
13,DSL,No,No,One year,64.75,No
23,Fiber optic,No,No,Month-to-month,98.7,No
31,Fiber optic,Yes,No,Month-to-month,89.45,No
29,DSL,Yes,Yes,One year,58.75,No
49,No,No internet service,No internet service,One year,20.7,No
56,Fiber optic,No,No,Month-to-month,85.6,No
63,DSL,Yes,Yes,Two year,80.3,No
63,DSL,No,Yes,Two year,79.8,No
24,Fiber optic,Yes,No,Month-to-month,79.85,No
36,DSL,No,Yes,One year,54.1,No
9,Fiber optic,No,No,Month-to-month,80.85,Yes
3,DSL,No,No,Month-to-month,24.75,Yes
21,DSL,Yes,Yes,One year,80.9,No
13,No,No internet service,No internet service,One year,24.5,No
1,No,No internet service,No internet service,Month-to-month,20.15,No
25,No,No internet service,No internet service,One year,20.05,No
71,No,No internet service,No internet service,Two year,19.6,No
66,Fiber optic,Yes,Yes,One year,114.3,No
45,Fiber optic,Yes,No,One year,100.3,No
22,Fiber optic,No,No,Month-to-month,80,No
67,No,No internet service,No internet service,One year,20.85,No
68,Fiber optic,No,No,Two year,89.95,No
0,No,No internet service,No internet service,Two year,20,No
49,Fiber optic,No,No,Month-to-month,90.85,Yes
4,DSL,No,No,Month-to-month,48.75,No
63,DSL,Yes,Yes,One year,80,No
2,Fiber optic,No,No,Month-to-month,79.7,Yes
21,No,No internet service,No internet service,One year,20.35,No
55,DSL,Yes,Yes,Two year,57.55,Yes
1,No,No internet service,No internet service,Month-to-month,20.25,No
17,No,No internet service,No internet service,Two year,19.4,No
30,Fiber optic,Yes,No,Month-to-month,100.4,No
22,DSL,Yes,Yes,Month-to-month,57.95,No
9,DSL,No,Yes,Month-to-month,59.5,No
1,No,No internet service,No internet service,Month-to-month,19.2,No
21,Fiber optic,No,No,Month-to-month,86.5,Yes
19,DSL,No,Yes,Month-to-month,59.55,No
69,Fiber optic,No,No,Month-to-month,103.95,Yes
1,DSL,No,No,Month-to-month,25.1,Yes
72,Fiber optic,Yes,Yes,Two year,103.95,No
70,DSL,Yes,No,Two year,68.95,No
66,Fiber optic,Yes,Yes,Month-to-month,103.1,No
7,DSL,No,No,Month-to-month,24.7,No
46,Fiber optic,Yes,Yes,Month-to-month,110.2,No
39,DSL,Yes,Yes,Month-to-month,48.95,Yes
32,DSL,No,No,Month-to-month,62.45,No
24,Fiber optic,No,No,Month-to-month,89.55,No
6,Fiber optic,No,No,Month-to-month,83.55,Yes
37,DSL,Yes,Yes,Month-to-month,78.9,No
8,No,No internet service,No internet service,Month-to-month,20.35,No
72,DSL,Yes,No,Two year,71.45,No
71,DSL,Yes,Yes,Two year,46.35,No
16,Fiber optic,No,No,Month-to-month,94.65,No
57,DSL,Yes,Yes,Month-to-month,49.9,No
66,No,No internet service,No internet service,One year,25.45,No
17,Fiber optic,No,No,Month-to-month,89.15,Yes
21,No,No internet service,No internet service,Month-to-month,20.75,No
66,DSL,Yes,No,Two year,66.1,No
17,DSL,No,No,Month-to-month,75.4,No
1,Fiber optic,No,No,Month-to-month,70.45,Yes
58,DSL,Yes,No,One year,60.3,Yes
8,No,No internet service,No internet service,Month-to-month,21.05,No
27,DSL,Yes,Yes,One year,69.35,No
34,Fiber optic,No,No,Month-to-month,88.85,No
30,Fiber optic,No,No,One year,97,No
33,DSL,No,No,Month-to-month,66.4,No
1,DSL,No,No,Month-to-month,24.75,Yes
14,DSL,Yes,No,Month-to-month,69.2,No
16,Fiber optic,No,Yes,One year,79.5,No
49,Fiber optic,No,Yes,Two year,100.65,No
19,Fiber optic,No,Yes,Month-to-month,103.3,Yes
70,DSL,Yes,Yes,Two year,79.7,No
32,DSL,Yes,Yes,Month-to-month,61.4,No
18,Fiber optic,No,No,Month-to-month,69.8,No
37,DSL,Yes,Yes,Two year,40.55,No
4,Fiber optic,No,No,Month-to-month,75.65,No
16,Fiber optic,Yes,No,Month-to-month,90.7,No
17,Fiber optic,No,No,Month-to-month,80.5,No
19,DSL,Yes,No,Month-to-month,60.6,No
60,Fiber optic,No,No,Two year,101.15,No
51,No,No internet service,No internet service,Two year,24.95,No
28,No,No internet service,No internet service,Two year,20.3,No
43,DSL,No,No,Two year,60,No
42,No,No internet service,No internet service,Two year,20.25,No
3,Fiber optic,No,No,Month-to-month,78.5,Yes
1,DSL,No,No,Month-to-month,44.75,No
3,No,No internet service,No internet service,Month-to-month,19.85,Yes
63,Fiber optic,Yes,No,Two year,98,No
3,Fiber optic,No,No,Month-to-month,79.9,Yes
68,Fiber optic,Yes,Yes,Month-to-month,107.7,No
30,Fiber optic,No,No,Month-to-month,99.7,Yes
60,Fiber optic,No,No,Two year,104.7,No
15,DSL,No,Yes,Month-to-month,58.6,Yes
45,Fiber optic,No,No,Month-to-month,93.9,No
70,DSL,Yes,Yes,Two year,86.45,No
10,Fiber optic,No,No,Month-to-month,98.5,Yes
4,No,No internet service,No internet service,Month-to-month,19.4,No
1,DSL,No,No,Month-to-month,50.45,Yes
68,No,No internet service,No internet service,Two year,24.95,No
22,Fiber optic,Yes,No,Month-to-month,75,No
38,Fiber optic,No,No,Month-to-month,94.65,Yes
1,Fiber optic,No,No,Month-to-month,100.25,Yes
18,Fiber optic,No,Yes,Month-to-month,78.2,No
29,Fiber optic,No,Yes,Month-to-month,94.2,No
16,Fiber optic,No,No,Month-to-month,88.45,Yes
1,Fiber optic,No,No,Month-to-month,69.85,Yes
12,Fiber optic,Yes,No,Month-to-month,81.7,Yes
31,DSL,No,No,One year,50.05,No
4,Fiber optic,No,No,Month-to-month,79.9,Yes
48,DSL,No,Yes,One year,69.55,No
15,No,No internet service,No internet service,Month-to-month,25.4,Yes
50,Fiber optic,Yes,Yes,One year,90.1,No
7,DSL,No,No,Month-to-month,44.65,No
41,Fiber optic,Yes,No,Month-to-month,83.75,Yes
68,Fiber optic,Yes,No,Two year,80.35,No
26,Fiber optic,No,No,Month-to-month,98.1,No
57,DSL,No,Yes,Two year,53.35,No
3,No,No internet service,No internet service,Month-to-month,19.55,No
1,No,No internet service,No internet service,Month-to-month,20.9,Yes
19,DSL,Yes,No,One year,48.95,No
3,DSL,No,No,Month-to-month,54.2,No
59,No,No internet service,No internet service,Two year,24.45,No
1,Fiber optic,No,No,Month-to-month,69.4,Yes
42,DSL,Yes,No,Month-to-month,40.15,No
7,Fiber optic,No,No,Month-to-month,74.9,Yes
67,No,No internet service,No internet service,Two year,25.6,No
1,Fiber optic,No,No,Month-to-month,70.35,No
66,DSL,Yes,Yes,Two year,91.7,No
61,Fiber optic,No,No,Month-to-month,89.2,No
4,No,No internet service,No internet service,One year,24.1,No
42,Fiber optic,Yes,No,Month-to-month,74.15,Yes
64,DSL,No,No,One year,53.85,No
54,Fiber optic,Yes,Yes,One year,115.6,No
1,No,No internet service,No internet service,Month-to-month,19.75,No
54,No,No internet service,No internet service,Two year,24.05,No
18,No,No internet service,No internet service,Two year,25.3,No
3,Fiber optic,No,No,Month-to-month,84.3,No
1,Fiber optic,No,No,Month-to-month,70.1,Yes
72,DSL,Yes,Yes,Two year,89.75,No
60,Fiber optic,No,No,One year,97.95,No
11,No,No internet service,No internet service,One year,20,No
12,Fiber optic,Yes,No,Month-to-month,78.3,Yes
61,Fiber optic,No,Yes,One year,103.9,No
39,No,No internet service,No internet service,Two year,20.7,No
55,Fiber optic,No,No,Month-to-month,96.8,Yes
17,Fiber optic,Yes,No,Month-to-month,94.4,Yes
37,No,No internet service,No internet service,One year,20.15,No
72,No,No internet service,No internet service,Two year,26,No
72,DSL,No,Yes,Two year,77.35,No
8,DSL,Yes,Yes,Month-to-month,66.05,No
22,No,No internet service,No internet service,Month-to-month,19.9,No
1,Fiber optic,No,No,Month-to-month,84.3,Yes
38,DSL,No,Yes,Month-to-month,68.15,No
17,DSL,No,Yes,One year,80.85,No
70,DSL,No,Yes,Two year,75.5,No
72,DSL,Yes,Yes,Two year,92.45,Yes
28,Fiber optic,No,No,Month-to-month,80.6,No
15,Fiber optic,No,No,Month-to-month,83.2,No
72,DSL,Yes,Yes,Two year,87.55,No
11,Fiber optic,No,No,Month-to-month,99.55,Yes
8,Fiber optic,No,No,Month-to-month,81.25,Yes
57,Fiber optic,No,Yes,One year,109.4,No
1,No,No internet service,No internet service,Month-to-month,19.95,Yes
46,DSL,Yes,No,Month-to-month,45.55,No
30,No,No internet service,No internet service,One year,20.7,No
10,Fiber optic,Yes,No,Month-to-month,75.3,No
23,Fiber optic,Yes,No,Month-to-month,99.25,Yes
32,Fiber optic,Yes,No,Month-to-month,93.4,No
13,Fiber optic,Yes,No,Month-to-month,73.75,No
39,Fiber optic,No,Yes,Two year,80.45,Yes
44,Fiber optic,No,No,Month-to-month,88.15,No
9,DSL,No,Yes,Month-to-month,49.2,No
67,No,No internet service,No internet service,Two year,19.65,No
9,Fiber optic,No,No,Month-to-month,79.35,Yes
15,Fiber optic,No,No,Month-to-month,79.75,Yes
71,Fiber optic,No,No,Two year,105.15,No
1,DSL,No,Yes,Month-to-month,49,No
30,Fiber optic,No,No,Month-to-month,100.05,Yes
1,Fiber optic,No,No,Month-to-month,69.35,Yes
17,DSL,No,No,Month-to-month,49.8,No
3,Fiber optic,No,Yes,Month-to-month,85.8,Yes
67,DSL,Yes,No,Two year,79.7,Yes
1,No,No internet service,No internet service,Month-to-month,20.95,No
1,DSL,No,No,Month-to-month,50.55,Yes
32,Fiber optic,No,No,Month-to-month,79.3,No
41,No,No internet service,No internet service,One year,19.5,No
1,Fiber optic,No,No,Month-to-month,80.55,Yes
1,DSL,No,No,Month-to-month,44.15,No
12,Fiber optic,No,No,Month-to-month,84.5,Yes
62,Fiber optic,Yes,No,Month-to-month,105.5,No
22,Fiber optic,No,No,Month-to-month,84.3,Yes
17,Fiber optic,No,Yes,Month-to-month,92.7,No
72,No,No internet service,No internet service,Two year,26.25,No
56,Fiber optic,No,Yes,Month-to-month,96.95,No
9,No,No internet service,No internet service,Month-to-month,20.45,No
72,Fiber optic,Yes,Yes,Two year,115.8,No
20,Fiber optic,Yes,Yes,Month-to-month,108.2,No
19,No,No internet service,No internet service,Two year,20.2,No
2,Fiber optic,No,No,Month-to-month,67.75,Yes
53,DSL,No,Yes,One year,54.9,No
27,Fiber optic,No,No,Month-to-month,85.25,Yes
6,No,No internet service,No internet service,Month-to-month,20.15,No
9,Fiber optic,No,No,One year,90.35,No
8,DSL,No,No,Month-to-month,55.75,No
71,Fiber optic,Yes,Yes,Two year,114.6,No
10,Fiber optic,No,No,Month-to-month,80.05,Yes
1,No,No internet service,No internet service,Month-to-month,20,Yes
71,DSL,Yes,Yes,One year,66.8,No
68,Fiber optic,No,Yes,One year,100.3,No
34,Fiber optic,No,Yes,Month-to-month,105.35,No
26,Fiber optic,No,Yes,One year,85.2,No
22,DSL,Yes,No,Month-to-month,48.8,Yes
7,No,No internet service,No internet service,Month-to-month,18.95,No
20,Fiber optic,No,No,Month-to-month,69.8,No
60,Fiber optic,No,No,Month-to-month,106.15,No
72,No,No internet service,No internet service,Two year,20.55,No
72,Fiber optic,No,No,One year,105.75,No
4,No,No internet service,No internet service,Month-to-month,25.25,No
16,No,No internet service,No internet service,Month-to-month,19.75,No
62,Fiber optic,Yes,No,One year,104.85,No
10,DSL,No,Yes,Month-to-month,60.95,No
31,Fiber optic,No,No,Month-to-month,81.15,No
71,No,No internet service,No internet service,Two year,19.1,No
58,No,No internet service,No internet service,Two year,20.8,No
70,DSL,Yes,Yes,Two year,90.15,No
71,DSL,Yes,Yes,Two year,90.1,No
69,DSL,Yes,Yes,Two year,74.1,No
1,Fiber optic,No,No,Month-to-month,85.05,Yes
72,Fiber optic,Yes,Yes,Two year,118.75,No
26,Fiber optic,No,Yes,Month-to-month,85.9,No
33,Fiber optic,No,Yes,Month-to-month,95,No
10,No,No internet service,No internet service,Two year,20.15,No
57,Fiber optic,Yes,Yes,Two year,101.3,No
10,No,No internet service,No internet service,Month-to-month,21.2,No
39,No,No internet service,No internet service,One year,24.2,No
11,No,No internet service,No internet service,Month-to-month,20.3,No
21,Fiber optic,No,Yes,Month-to-month,102.8,Yes
68,DSL,No,Yes,Two year,85.3,No
18,Fiber optic,No,No,One year,89.6,No
6,Fiber optic,No,Yes,Month-to-month,99.95,Yes
18,DSL,Yes,No,Month-to-month,56.25,No
52,DSL,No,No,One year,50.95,No
56,Fiber optic,Yes,Yes,Two year,115.85,No
45,Fiber optic,No,Yes,Month-to-month,103.65,No
67,No,No internet service,No internet service,Two year,26.1,No
3,DSL,Yes,Yes,Month-to-month,35.1,No
65,Fiber optic,No,No,Month-to-month,99.1,No
63,DSL,No,Yes,Two year,67.25,No
11,No,No internet service,No internet service,Two year,25,No
1,DSL,No,Yes,Month-to-month,59.55,No
55,DSL,No,No,Two year,77.8,No
25,DSL,No,Yes,One year,55.1,No
72,Fiber optic,Yes,Yes,One year,117.8,Yes
72,No,No internet service,No internet service,Two year,24.15,No
65,DSL,No,Yes,Two year,45.25,No
54,Fiber optic,No,No,Month-to-month,79.5,Yes
7,No,No internet service,No internet service,Month-to-month,20.25,No
72,DSL,Yes,Yes,Two year,64.75,No
21,DSL,No,No,Month-to-month,54.6,No
2,No,No internet service,No internet service,Month-to-month,20.7,No
4,Fiber optic,No,No,Month-to-month,94.75,No
3,Fiber optic,No,Yes,Month-to-month,79.65,Yes
72,Fiber optic,Yes,Yes,Two year,115.8,No
6,DSL,Yes,No,Month-to-month,49.45,No
52,Fiber optic,No,No,Month-to-month,83.8,No
69,Fiber optic,No,No,Month-to-month,95.35,No
8,Fiber optic,No,No,Month-to-month,94.7,Yes
8,Fiber optic,No,No,Month-to-month,74.05,No
63,Fiber optic,No,No,Month-to-month,89.6,No
60,Fiber optic,Yes,Yes,One year,116.6,No
12,DSL,Yes,Yes,Month-to-month,54.2,No
13,No,No internet service,No internet service,Month-to-month,19.3,No
22,DSL,Yes,No,Month-to-month,65.05,No
5,Fiber optic,No,No,Month-to-month,92.5,Yes
1,No,No internet service,No internet service,Month-to-month,19.45,Yes
72,No,No internet service,No internet service,Two year,24.05,No
2,No,No internet service,No internet service,Month-to-month,18.75,No
40,No,No internet service,No internet service,Two year,20.15,No
44,No,No internet service,No internet service,One year,20,No
71,DSL,Yes,Yes,One year,71,No
2,Fiber optic,No,No,Month-to-month,75.55,Yes
26,Fiber optic,No,No,Month-to-month,93.6,No
1,Fiber optic,No,No,Month-to-month,70,Yes
1,DSL,No,No,Month-to-month,24.4,No
65,DSL,Yes,Yes,Two year,74.8,Yes
3,DSL,No,Yes,Month-to-month,65.25,No
13,DSL,No,Yes,Month-to-month,50.55,No
33,Fiber optic,No,No,Month-to-month,104.4,Yes
1,Fiber optic,No,No,Month-to-month,70.7,No
4,DSL,No,No,Month-to-month,45.25,No
2,Fiber optic,No,No,Month-to-month,70.3,No
72,Fiber optic,Yes,Yes,Two year,108.95,No
37,No,No internet service,No internet service,Month-to-month,26.45,No
15,Fiber optic,Yes,No,Month-to-month,86.2,Yes
23,No,No internet service,No internet service,One year,19.65,No
30,DSL,No,Yes,Month-to-month,51.2,Yes
42,No,No internet service,No internet service,One year,19.05,No
32,DSL,Yes,No,One year,74.75,No
22,Fiber optic,No,No,Month-to-month,75.8,No
42,DSL,No,No,Month-to-month,25.1,No
8,DSL,No,No,Month-to-month,44.45,No
65,Fiber optic,Yes,No,Two year,104.3,No
2,No,No internet service,No internet service,Month-to-month,19.5,Yes
70,DSL,Yes,Yes,Two year,89,No
22,No,No internet service,No internet service,Month-to-month,20.15,No
4,Fiber optic,No,No,Month-to-month,74.9,Yes
2,Fiber optic,No,No,Month-to-month,74.9,Yes
67,DSL,Yes,No,Two year,36.15,No
25,No,No internet service,No internet service,Month-to-month,19.2,No
20,No,No internet service,No internet service,Month-to-month,19.25,No
2,DSL,Yes,No,Month-to-month,61.2,No
51,No,No internet service,No internet service,Two year,20.45,No
46,DSL,Yes,No,Month-to-month,35.05,No
25,Fiber optic,No,No,Month-to-month,100.25,Yes
13,DSL,No,No,Month-to-month,44,No
25,Fiber optic,Yes,No,Month-to-month,102.8,Yes
26,DSL,No,No,One year,50.35,No
43,Fiber optic,No,Yes,One year,100,Yes
19,No,No internet service,No internet service,Month-to-month,20,No
10,Fiber optic,No,Yes,Month-to-month,99.85,Yes
2,Fiber optic,No,No,Month-to-month,94.2,Yes
72,DSL,Yes,Yes,Two year,86.4,No
18,DSL,Yes,No,Month-to-month,58.4,No
9,Fiber optic,No,No,Month-to-month,83.85,Yes
27,Fiber optic,No,No,Month-to-month,88.3,Yes
24,Fiber optic,No,No,Month-to-month,94.1,No
69,Fiber optic,No,Yes,One year,104.05,Yes
46,Fiber optic,No,Yes,Two year,108.9,No
72,Fiber optic,Yes,Yes,Two year,107.4,No
22,Fiber optic,No,No,Month-to-month,94.7,Yes
70,Fiber optic,Yes,No,Month-to-month,90.85,No
2,No,No internet service,No internet service,Month-to-month,19.9,No
31,DSL,No,Yes,Month-to-month,66.4,No
56,Fiber optic,No,No,Month-to-month,100.65,Yes
16,Fiber optic,Yes,No,Month-to-month,100.7,No
52,No,No internet service,No internet service,Two year,25.6,No
13,No,No internet service,No internet service,Month-to-month,19.85,No
35,No,No internet service,No internet service,One year,20.75,No
59,Fiber optic,No,No,Two year,95.8,No
72,Fiber optic,No,No,Month-to-month,94.65,No
66,DSL,No,No,Two year,80.55,Yes
49,Fiber optic,Yes,Yes,Two year,106.65,No
2,DSL,No,No,Month-to-month,45.85,No
21,Fiber optic,No,No,Month-to-month,104.35,No
54,DSL,No,No,One year,55.45,No
24,Fiber optic,Yes,No,Month-to-month,78.85,Yes
1,DSL,Yes,No,Month-to-month,61.15,No
6,Fiber optic,Yes,No,Month-to-month,78.95,No
1,DSL,No,No,Month-to-month,44.45,Yes
49,Fiber optic,Yes,No,One year,109.2,No
56,DSL,Yes,No,Two year,61.3,No
56,Fiber optic,Yes,No,Month-to-month,96.85,No
6,DSL,No,Yes,Two year,40.55,No
32,No,No internet service,No internet service,One year,19.8,No
50,Fiber optic,Yes,No,One year,108.25,No
58,Fiber optic,No,Yes,One year,105.05,No
65,DSL,Yes,Yes,Two year,90.45,No
64,DSL,Yes,Yes,Two year,86.4,No
66,DSL,Yes,No,Two year,66.9,No
38,Fiber optic,Yes,Yes,One year,110.7,No
20,No,No internet service,No internet service,One year,20,No
36,Fiber optic,No,No,Month-to-month,84.9,Yes
64,Fiber optic,No,Yes,One year,102.1,No
1,No,No internet service,No internet service,Month-to-month,20.25,Yes
60,DSL,No,Yes,One year,70.15,No
1,Fiber optic,No,No,Month-to-month,74.35,Yes
50,DSL,Yes,Yes,One year,80.05,No
1,DSL,No,Yes,Month-to-month,62.05,Yes
72,DSL,Yes,No,Two year,49.2,No
60,No,No internet service,No internet service,Two year,20.5,No
46,DSL,Yes,Yes,Two year,38.25,No
69,DSL,No,No,Two year,54.95,No
31,Fiber optic,No,Yes,Month-to-month,96.6,No
19,No,No internet service,No internet service,One year,19.9,No
71,No,No internet service,No internet service,Two year,19.9,No
12,Fiber optic,Yes,No,Month-to-month,84.6,No
39,DSL,Yes,Yes,One year,80,Yes
44,DSL,No,Yes,One year,85.25,No
56,DSL,Yes,Yes,Two year,81.25,No
72,Fiber optic,Yes,Yes,Two year,115.5,No
5,Fiber optic,No,No,Month-to-month,104.1,Yes
11,Fiber optic,Yes,No,Month-to-month,79,No
24,DSL,Yes,No,Month-to-month,39.1,Yes
15,Fiber optic,No,No,Month-to-month,94.65,No
72,No,No internet service,No internet service,Two year,20.8,No
56,DSL,No,No,Two year,59.5,No
64,No,No internet service,No internet service,Two year,20.05,No
34,Fiber optic,No,No,Month-to-month,100.45,No
2,Fiber optic,No,No,Month-to-month,76.5,Yes
35,No,No internet service,No internet service,One year,20.6,No
22,No,No internet service,No internet service,One year,20.3,No
5,DSL,No,Yes,Month-to-month,49.2,Yes
9,DSL,Yes,No,One year,39.55,No
11,No,No internet service,No internet service,Month-to-month,23.15,Yes
23,No,No internet service,No internet service,One year,20.45,No
4,Fiber optic,No,No,Month-to-month,80.85,Yes
68,No,No internet service,No internet service,Two year,25.25,No
33,Fiber optic,No,No,Month-to-month,91.25,No
31,DSL,Yes,Yes,Month-to-month,72.45,No
1,DSL,No,Yes,Month-to-month,60.1,Yes
56,No,No internet service,No internet service,Two year,19.7,No
1,Fiber optic,No,No,Month-to-month,78.95,Yes
66,DSL,Yes,Yes,One year,75.1,No
72,No,No internet service,No internet service,Two year,25,No
34,Fiber optic,No,No,Month-to-month,69.15,No
58,Fiber optic,No,No,Month-to-month,91.55,No
2,DSL,No,No,Month-to-month,45.15,Yes
37,DSL,No,No,Two year,35.8,No
71,Fiber optic,Yes,Yes,Two year,113.15,No
1,No,No internet service,No internet service,One year,19.85,No
71,No,No internet service,No internet service,Two year,19.8,No
35,No,No internet service,No internet service,One year,19.9,No
6,No,No internet service,No internet service,One year,19.7,No
3,Fiber optic,No,No,Month-to-month,79.4,Yes
69,DSL,No,Yes,One year,59.1,No
44,DSL,No,No,One year,53.95,Yes
53,Fiber optic,No,Yes,One year,91.15,No
24,Fiber optic,No,No,Month-to-month,99.3,Yes
5,Fiber optic,No,No,Month-to-month,68.95,No
2,DSL,No,No,Month-to-month,51.55,No
62,No,No internet service,No internet service,Two year,24.4,No
19,Fiber optic,No,No,Month-to-month,96.8,No
9,Fiber optic,No,No,Month-to-month,70.05,No
53,No,No internet service,No internet service,Two year,19.5,No
5,Fiber optic,No,No,Month-to-month,78.75,No
71,DSL,Yes,No,One year,69.2,No
1,No,No internet service,No internet service,Month-to-month,19.55,No
18,Fiber optic,No,No,Month-to-month,80.65,Yes
72,Fiber optic,No,No,Two year,103.65,No
4,DSL,Yes,No,Month-to-month,54.7,No
59,DSL,No,No,Two year,54.15,No
1,Fiber optic,No,No,Month-to-month,71.1,Yes
31,Fiber optic,No,No,Month-to-month,84.85,No
3,No,No internet service,No internet service,Month-to-month,20,No
65,Fiber optic,No,No,One year,106.25,Yes
49,Fiber optic,No,Yes,One year,99.25,No
2,No,No internet service,No internet service,Month-to-month,19.35,No
53,No,No internet service,No internet service,One year,20.8,Yes
55,Fiber optic,Yes,No,One year,94.75,No
72,Fiber optic,Yes,Yes,Two year,114.05,No
36,Fiber optic,No,No,Month-to-month,74.9,No
10,No,No internet service,No internet service,Month-to-month,19.8,No
1,Fiber optic,No,No,Month-to-month,94,Yes
72,DSL,Yes,Yes,Two year,80.85,No
28,DSL,No,Yes,Month-to-month,54.65,No
38,Fiber optic,Yes,No,Month-to-month,91.7,No
61,Fiber optic,Yes,Yes,One year,118.6,No
52,No,No internet service,No internet service,Two year,24.55,No
67,No,No internet service,No internet service,One year,19.45,No
34,Fiber optic,Yes,Yes,Two year,116.15,No
54,DSL,Yes,Yes,Two year,80.6,No
1,No,No internet service,No internet service,Month-to-month,20.3,No
15,Fiber optic,No,No,Month-to-month,89.85,Yes
4,DSL,No,No,Month-to-month,46,Yes
9,DSL,No,Yes,Month-to-month,66.25,Yes
46,Fiber optic,No,No,Month-to-month,99.8,No
22,Fiber optic,No,Yes,Month-to-month,90,Yes
38,Fiber optic,No,No,One year,70.45,Yes
55,DSL,Yes,Yes,One year,75,No
1,No,No internet service,No internet service,Month-to-month,19.9,No
64,Fiber optic,Yes,No,One year,80.3,No
53,No,No internet service,No internet service,Two year,19.75,Yes
58,DSL,Yes,Yes,Two year,84.3,No
56,DSL,No,Yes,One year,54.05,No
72,Fiber optic,Yes,Yes,Two year,104.9,No
1,DSL,Yes,Yes,Month-to-month,53.95,Yes
72,Fiber optic,No,No,One year,97.25,No
22,Fiber optic,No,No,Month-to-month,83.05,No
8,Fiber optic,No,No,Month-to-month,105.5,Yes
16,Fiber optic,No,No,Month-to-month,81,Yes
39,DSL,No,Yes,Month-to-month,41.1,No
12,DSL,No,No,Month-to-month,45,No
54,DSL,Yes,No,Two year,74.55,No
18,DSL,Yes,Yes,One year,40.2,No
32,DSL,Yes,Yes,One year,70.5,No
41,No,No internet service,No internet service,One year,19.75,No
67,No,No internet service,No internet service,Two year,24.65,No
65,Fiber optic,Yes,No,Month-to-month,104.25,No
25,DSL,Yes,Yes,Month-to-month,78.35,No
1,Fiber optic,No,No,Month-to-month,69.8,Yes
67,Fiber optic,No,Yes,One year,109.7,No
7,Fiber optic,No,No,Month-to-month,73.75,Yes
43,DSL,Yes,No,Month-to-month,33.45,No
24,Fiber optic,Yes,No,Month-to-month,94.6,No
9,DSL,Yes,No,Month-to-month,54.55,Yes
69,No,No internet service,No internet service,Two year,20.2,No
37,No,No internet service,No internet service,One year,20.3,No
20,DSL,Yes,Yes,Two year,39.4,No
7,Fiber optic,No,No,Month-to-month,69.15,No
37,Fiber optic,No,No,Month-to-month,76.25,Yes
5,Fiber optic,No,No,Month-to-month,93.9,Yes
41,DSL,No,No,One year,51.35,No
54,Fiber optic,Yes,No,One year,100.05,No
3,Fiber optic,No,No,Month-to-month,70.4,Yes
69,No,No internet service,No internet service,Two year,20.3,No
53,Fiber optic,No,Yes,One year,94.45,No
18,DSL,No,No,One year,46.4,No
64,Fiber optic,Yes,Yes,Two year,104.05,No
31,Fiber optic,No,No,Month-to-month,91.15,Yes
20,DSL,No,No,Month-to-month,24.9,No
57,DSL,Yes,Yes,One year,59.6,No
63,Fiber optic,Yes,No,Two year,108.5,No
13,DSL,Yes,Yes,Two year,40.55,No
48,DSL,No,No,One year,58.95,No
2,Fiber optic,No,No,Month-to-month,70.95,Yes
57,No,No internet service,No internet service,Two year,20.75,No
71,Fiber optic,No,Yes,One year,113.15,No
7,DSL,No,No,Month-to-month,48.8,No
16,DSL,No,No,Month-to-month,63.05,No
34,Fiber optic,No,No,Month-to-month,100.85,No
37,Fiber optic,No,No,Month-to-month,99.5,Yes
16,Fiber optic,No,No,Month-to-month,80.55,No
48,DSL,Yes,No,One year,64.4,No
58,DSL,No,Yes,One year,75.2,No
72,DSL,Yes,Yes,Two year,84.9,No
7,No,No internet service,No internet service,Month-to-month,19.3,No
38,Fiber optic,Yes,No,Month-to-month,83.9,Yes
48,Fiber optic,Yes,Yes,Month-to-month,117.45,Yes
10,Fiber optic,Yes,No,Month-to-month,104.4,Yes
30,DSL,Yes,Yes,One year,74.65,No
31,DSL,No,No,Month-to-month,59.05,No
46,DSL,No,Yes,One year,69.1,No
50,No,No internet service,No internet service,Two year,20.55,No
28,Fiber optic,No,Yes,Month-to-month,76.55,No
66,DSL,Yes,Yes,Two year,62.5,No
8,DSL,No,No,Month-to-month,29.4,Yes
41,Fiber optic,No,No,Month-to-month,94.9,No
72,Fiber optic,No,Yes,Two year,111.65,No
7,No,No internet service,No internet service,One year,19.9,No
38,No,No internet service,No internet service,Month-to-month,20.45,No
44,Fiber optic,Yes,No,One year,106.05,No
47,Fiber optic,Yes,Yes,One year,113.45,No
53,Fiber optic,No,Yes,Month-to-month,92.55,No
4,DSL,No,No,Month-to-month,65.6,No
20,Fiber optic,No,No,Month-to-month,84.35,No
2,DSL,No,No,Month-to-month,44.65,Yes
57,DSL,No,No,One year,71.1,No
44,Fiber optic,Yes,Yes,Month-to-month,85.15,No
24,DSL,No,No,Month-to-month,49.7,No
15,DSL,Yes,No,Month-to-month,30.2,No
3,DSL,No,No,Month-to-month,25.25,Yes
4,Fiber optic,No,No,Month-to-month,84.05,Yes
37,Fiber optic,No,No,Month-to-month,85.7,Yes
1,Fiber optic,No,No,Month-to-month,74.7,Yes
24,DSL,Yes,Yes,Month-to-month,56.35,No
5,Fiber optic,No,No,Month-to-month,90.8,Yes
33,Fiber optic,No,No,Month-to-month,107.55,No
58,No,No internet service,No internet service,Two year,19.85,No
72,Fiber optic,Yes,No,Two year,95.9,No
71,No,No internet service,No internet service,Two year,23.85,No
28,Fiber optic,No,No,Month-to-month,106.15,Yes
51,DSL,Yes,Yes,Two year,83.85,No
30,DSL,Yes,Yes,One year,85.35,Yes
72,Fiber optic,Yes,Yes,Two year,84.8,No
36,Fiber optic,Yes,No,Month-to-month,90.85,Yes
14,DSL,Yes,Yes,Two year,76.1,No
72,DSL,Yes,Yes,Two year,74.55,No
22,DSL,No,No,Month-to-month,39.2,No
2,Fiber optic,No,No,Month-to-month,79.55,No
15,No,No internet service,No internet service,Month-to-month,19.6,No
51,No,No internet service,No internet service,Two year,19.55,No
70,DSL,Yes,Yes,Two year,39.15,No
71,No,No internet service,No internet service,Two year,20.1,No
39,Fiber optic,No,Yes,Month-to-month,99.95,No
61,DSL,Yes,No,Month-to-month,59.8,No
52,DSL,Yes,No,Month-to-month,49.75,No
1,DSL,No,No,Month-to-month,35.75,Yes
64,Fiber optic,Yes,Yes,One year,108.5,No
62,DSL,No,Yes,Two year,60.15,No
30,No,No internet service,No internet service,Two year,19.05,No
4,DSL,No,No,Month-to-month,46,Yes
63,DSL,Yes,Yes,One year,84,No
1,DSL,No,No,Month-to-month,44.55,No
15,Fiber optic,No,Yes,Month-to-month,103.45,No
27,Fiber optic,Yes,No,One year,80.65,No
4,DSL,Yes,No,Month-to-month,57.2,No
72,Fiber optic,Yes,No,Two year,110.75,No
45,No,No internet service,No internet service,One year,24.7,No
45,Fiber optic,Yes,Yes,Month-to-month,97.05,No
36,DSL,Yes,Yes,One year,76.35,No
17,Fiber optic,Yes,No,Month-to-month,89.4,Yes
1,No,No internet service,No internet service,Month-to-month,18.9,No
16,Fiber optic,No,No,Month-to-month,74.45,No
3,No,No internet service,No internet service,Month-to-month,19.8,Yes
4,DSL,No,No,Month-to-month,50.9,Yes
71,DSL,Yes,Yes,Two year,84.4,No
10,No,No internet service,No internet service,Month-to-month,24.4,No
20,No,No internet service,No internet service,Two year,20.05,No
4,Fiber optic,No,No,Month-to-month,81,Yes
26,Fiber optic,No,No,Month-to-month,98.35,Yes
4,DSL,No,No,Month-to-month,55.5,No
5,DSL,No,No,Month-to-month,51,Yes
4,Fiber optic,No,No,Month-to-month,91.65,Yes
29,Fiber optic,No,No,Month-to-month,84.3,No
2,Fiber optic,Yes,No,Month-to-month,100.2,No
29,No,No internet service,No internet service,Two year,19.4,No
1,Fiber optic,No,No,Month-to-month,90.85,Yes
1,Fiber optic,No,No,Month-to-month,69.4,Yes
8,Fiber optic,No,No,Month-to-month,94.45,Yes
13,No,No internet service,No internet service,Month-to-month,20.4,No
59,Fiber optic,Yes,No,Month-to-month,94.75,No
1,No,No internet service,No internet service,Month-to-month,20.15,Yes
50,Fiber optic,No,No,Month-to-month,95.7,Yes
18,DSL,No,No,Month-to-month,44.35,No
17,DSL,Yes,No,Month-to-month,74.55,No
47,DSL,No,No,Two year,73.6,No
26,Fiber optic,No,No,Month-to-month,74.95,Yes
6,DSL,No,No,Month-to-month,47.95,Yes
19,DSL,No,No,Month-to-month,50.1,No
3,DSL,No,Yes,Month-to-month,63.6,Yes
68,DSL,No,No,Two year,53,No
2,No,No internet service,No internet service,Month-to-month,19.85,No
7,DSL,No,No,One year,24.35,No
18,No,No internet service,No internet service,Month-to-month,19.55,No
71,No,No internet service,No internet service,Two year,25.05,No
13,Fiber optic,Yes,No,Month-to-month,93.8,No
3,DSL,No,Yes,Month-to-month,36.85,Yes
72,Fiber optic,No,No,Two year,103.75,No
66,DSL,No,No,Two year,56.75,No
24,No,No internet service,No internet service,One year,20.8,No
1,DSL,No,No,Month-to-month,44.1,Yes
56,No,No internet service,No internet service,Two year,24.45,No
22,No,No internet service,No internet service,One year,25.6,No
14,DSL,No,No,Month-to-month,50.75,Yes
61,Fiber optic,No,No,One year,104.4,Yes
40,DSL,No,No,Month-to-month,39.3,Yes
42,DSL,Yes,No,Month-to-month,59.65,No
72,DSL,Yes,Yes,Two year,83.3,No
12,Fiber optic,No,Yes,Month-to-month,79.55,No
71,No,No internet service,No internet service,Two year,24.45,No
26,No,No internet service,No internet service,One year,19.2,No
7,DSL,Yes,No,Month-to-month,29.8,No
6,DSL,No,No,Month-to-month,45.5,No
58,Fiber optic,Yes,No,One year,106.45,Yes
51,DSL,No,No,Month-to-month,30.05,No
72,DSL,Yes,Yes,Two year,65.65,No
18,Fiber optic,Yes,No,Month-to-month,96.05,Yes
7,Fiber optic,No,No,Month-to-month,75.1,Yes
47,DSL,Yes,Yes,Two year,74.05,No
2,DSL,No,No,Month-to-month,44.7,Yes
62,Fiber optic,No,Yes,One year,110.75,No
16,No,No internet service,No internet service,Two year,19.7,No
6,DSL,No,Yes,Month-to-month,49.5,No
19,DSL,No,Yes,Month-to-month,55,Yes
69,DSL,Yes,No,Two year,43.95,No
11,Fiber optic,No,No,Month-to-month,74.35,Yes
64,Fiber optic,No,Yes,Month-to-month,111.15,No
39,Fiber optic,Yes,Yes,One year,104.7,Yes
15,DSL,Yes,No,Month-to-month,55.7,Yes
25,No,No internet service,No internet service,Month-to-month,20.6,No
6,No,No internet service,No internet service,Two year,19.65,No
66,Fiber optic,Yes,Yes,One year,115.8,No
61,DSL,No,Yes,Two year,88.65,No
43,Fiber optic,Yes,No,Month-to-month,94.5,No
12,No,No internet service,No internet service,Month-to-month,20.1,No
23,DSL,No,No,Month-to-month,34.65,No
71,DSL,No,No,Month-to-month,52.3,No
34,DSL,No,Yes,Month-to-month,65,No
5,No,No internet service,No internet service,Month-to-month,19.85,Yes
41,DSL,No,Yes,One year,35.45,No
72,No,No internet service,No internet service,Two year,19.7,No
14,Fiber optic,No,No,Month-to-month,95.6,No
41,No,No internet service,No internet service,Two year,19.85,No
23,Fiber optic,Yes,No,One year,81.85,No
71,Fiber optic,Yes,Yes,Two year,109.3,No
1,Fiber optic,No,No,Month-to-month,70.3,Yes
72,No,No internet service,No internet service,Two year,25.4,No
6,Fiber optic,No,No,Month-to-month,69.8,No
23,No,No internet service,No internet service,One year,20,No
10,Fiber optic,No,No,Month-to-month,85.55,Yes
72,Fiber optic,Yes,Yes,Two year,109.9,No
7,DSL,Yes,No,Month-to-month,50.3,No
6,Fiber optic,No,No,Month-to-month,94.5,Yes
9,Fiber optic,No,Yes,Month-to-month,101.5,No
12,Fiber optic,No,No,Month-to-month,89.15,No
1,No,No internet service,No internet service,Month-to-month,19.4,No
48,DSL,No,No,One year,29.9,No
20,Fiber optic,No,No,Month-to-month,78.8,No
16,Fiber optic,No,No,Month-to-month,85.35,Yes
2,Fiber optic,No,No,Month-to-month,79.65,Yes
10,No,No internet service,No internet service,One year,19.3,No
2,Fiber optic,No,No,Month-to-month,79.6,Yes
20,Fiber optic,No,Yes,Month-to-month,96.8,No
20,No,No internet service,No internet service,One year,20.65,No
19,No,No internet service,No internet service,One year,19.8,No
19,Fiber optic,Yes,No,Month-to-month,90.6,Yes
22,Fiber optic,Yes,Yes,Month-to-month,104.6,No
35,Fiber optic,No,Yes,Month-to-month,80.05,No
1,DSL,No,No,Month-to-month,45.15,No
39,Fiber optic,No,No,Month-to-month,73.15,No
54,Fiber optic,No,Yes,One year,99.1,No
1,No,No internet service,No internet service,Month-to-month,20.2,Yes
66,Fiber optic,Yes,No,Two year,106.05,Yes
56,Fiber optic,Yes,Yes,Month-to-month,105.35,No
18,DSL,No,No,Month-to-month,45.65,No
16,Fiber optic,No,No,Month-to-month,79.95,No
68,DSL,Yes,No,One year,54.45,No
53,No,No internet service,No internet service,Two year,25.1,No
72,DSL,Yes,Yes,Two year,84.7,No
9,Fiber optic,No,No,Month-to-month,75.85,No
30,DSL,Yes,No,Month-to-month,48.8,No
36,Fiber optic,No,No,Month-to-month,99.15,Yes
18,DSL,No,Yes,Month-to-month,35.2,No
55,DSL,Yes,Yes,One year,76.25,No
39,DSL,Yes,No,Month-to-month,55.9,Yes
21,Fiber optic,No,No,Month-to-month,82.35,Yes
2,DSL,No,Yes,Month-to-month,40.4,Yes
33,No,No internet service,No internet service,One year,24.9,No
44,DSL,No,No,Two year,54.3,No
30,DSL,Yes,Yes,Month-to-month,66.3,No
71,No,No internet service,No internet service,Two year,20.9,No
4,Fiber optic,No,No,Month-to-month,75.35,Yes
35,Fiber optic,No,No,One year,85.15,Yes
1,Fiber optic,No,No,Month-to-month,75.35,No
23,Fiber optic,No,No,Month-to-month,104.45,No
22,DSL,No,No,One year,49.45,No
49,No,No internet service,No internet service,One year,19.45,No
42,Fiber optic,No,No,Month-to-month,92.15,No
33,Fiber optic,No,No,One year,93.8,Yes
7,No,No internet service,No internet service,Two year,19.85,No
67,Fiber optic,Yes,Yes,One year,100.25,No
15,Fiber optic,No,Yes,Month-to-month,95.7,No
67,Fiber optic,No,No,Two year,93.15,No
53,DSL,Yes,Yes,Two year,69.7,No
21,No,No internet service,No internet service,One year,19.8,No
40,DSL,Yes,Yes,Month-to-month,71.35,No
22,No,No internet service,No internet service,One year,20.75,No
39,DSL,No,Yes,Month-to-month,40.6,No
45,No,No internet service,No internet service,One year,20.4,Yes
2,No,No internet service,No internet service,Month-to-month,20.35,No
57,No,No internet service,No internet service,Two year,19.75,No
8,DSL,No,No,Month-to-month,54.4,No
7,Fiber optic,Yes,No,Month-to-month,94.7,Yes
6,DSL,No,No,Month-to-month,30.5,Yes
7,No,No internet service,No internet service,Month-to-month,20.45,No
49,DSL,No,Yes,Two year,66.15,No
65,Fiber optic,Yes,Yes,One year,89.85,No
55,DSL,No,No,One year,45.05,No
71,DSL,Yes,Yes,Two year,86.85,No
35,Fiber optic,Yes,Yes,Month-to-month,96.75,No
3,Fiber optic,No,No,Month-to-month,77,Yes
11,No,No internet service,No internet service,Month-to-month,20.1,Yes
1,Fiber optic,No,No,Month-to-month,75.3,Yes
17,Fiber optic,Yes,Yes,Month-to-month,106.65,No
72,Fiber optic,Yes,Yes,Two year,110.15,No
28,Fiber optic,Yes,No,One year,82.85,No
18,No,No internet service,No internet service,Two year,20.1,No
40,Fiber optic,No,Yes,One year,99.2,Yes
52,DSL,No,No,Month-to-month,59.45,No
47,DSL,No,No,Month-to-month,58.6,No
23,DSL,No,No,Month-to-month,49.7,No
66,DSL,Yes,Yes,Two year,65.85,No
8,Fiber optic,No,No,Month-to-month,73.5,No
47,Fiber optic,Yes,No,Month-to-month,85.5,Yes
7,No,No internet service,No internet service,Month-to-month,20.05,Yes
71,Fiber optic,Yes,Yes,Two year,113.65,No
50,Fiber optic,Yes,No,Month-to-month,83.4,No
46,DSL,Yes,Yes,Two year,65.65,No
1,Fiber optic,No,No,Month-to-month,70.4,Yes
66,DSL,Yes,Yes,Two year,61.35,No
42,Fiber optic,No,Yes,Month-to-month,85.9,No
5,Fiber optic,No,Yes,Month-to-month,75.65,No
7,DSL,Yes,No,One year,49.75,Yes
29,DSL,No,No,One year,70.9,No
27,DSL,No,No,Month-to-month,49.85,No
15,Fiber optic,No,No,Month-to-month,75.3,Yes
25,No,No internet service,No internet service,Two year,20.1,No
11,Fiber optic,No,No,Month-to-month,94,Yes
57,Fiber optic,Yes,Yes,Month-to-month,103.05,No
67,Fiber optic,Yes,Yes,One year,118.35,Yes
47,Fiber optic,No,No,Month-to-month,99.7,No
13,Fiber optic,No,No,Month-to-month,81.9,No
8,DSL,Yes,No,Month-to-month,30.45,Yes
44,Fiber optic,No,No,Month-to-month,96.1,Yes
71,DSL,Yes,No,One year,66.2,No
24,Fiber optic,No,No,Month-to-month,104.25,Yes
15,Fiber optic,No,No,Month-to-month,80.2,Yes
1,No,No internet service,No internet service,Month-to-month,19.75,No
2,Fiber optic,No,No,Month-to-month,72.6,No
55,Fiber optic,Yes,Yes,Month-to-month,116.5,No
71,Fiber optic,No,Yes,Two year,106.8,No
50,No,No internet service,No internet service,Two year,24.95,No
1,Fiber optic,No,No,Month-to-month,89.25,No
5,No,No internet service,No internet service,Month-to-month,19.25,No
66,Fiber optic,Yes,Yes,One year,104.55,No
49,DSL,Yes,Yes,One year,87.2,No
3,DSL,No,No,Month-to-month,30.75,No
66,No,No internet service,No internet service,One year,25.7,No
11,Fiber optic,No,No,Month-to-month,86.2,No
28,DSL,No,Yes,Month-to-month,30.1,No
65,Fiber optic,Yes,No,Two year,99.35,No
62,No,No internet service,No internet service,Two year,19.2,No
2,No,No internet service,No internet service,Month-to-month,20.1,No
2,No,No internet service,No internet service,Month-to-month,20.35,No
55,No,No internet service,No internet service,Two year,25.65,No
41,Fiber optic,No,No,Month-to-month,94.55,No
17,Fiber optic,Yes,No,Month-to-month,104.2,Yes
30,Fiber optic,No,Yes,One year,94.4,No
17,DSL,Yes,No,One year,56.1,No
16,DSL,Yes,Yes,Two year,68.25,No
72,No,No internet service,No internet service,Two year,24.75,No
9,Fiber optic,No,No,Month-to-month,76.25,No
1,Fiber optic,No,No,Month-to-month,74.35,No
23,DSL,No,Yes,Month-to-month,54.15,No
8,No,No internet service,No internet service,Month-to-month,19.45,No
19,DSL,Yes,No,Month-to-month,34.95,No
7,DSL,Yes,No,Month-to-month,53.65,No
1,Fiber optic,No,No,Month-to-month,69.65,Yes
61,Fiber optic,Yes,No,One year,104,No
57,DSL,Yes,Yes,Two year,70.35,No
9,Fiber optic,No,No,Month-to-month,80.8,Yes
15,DSL,Yes,No,One year,64.85,No
1,No,No internet service,No internet service,Month-to-month,19.65,No
12,DSL,No,No,Month-to-month,45.9,No
54,No,No internet service,No internet service,Two year,20,No
4,DSL,No,No,Month-to-month,44.8,No
7,Fiber optic,No,No,Month-to-month,80.3,Yes
20,No,No internet service,No internet service,One year,20.35,No
26,DSL,Yes,Yes,Month-to-month,45.8,No
36,Fiber optic,No,No,Month-to-month,84.1,Yes
53,Fiber optic,No,Yes,One year,108.95,No
3,DSL,No,Yes,Month-to-month,69.35,Yes
68,DSL,Yes,Yes,Two year,64.35,No
72,DSL,Yes,Yes,Two year,90.8,No
12,No,No internet service,No internet service,One year,24.95,No
34,Fiber optic,No,No,Month-to-month,79.6,Yes
68,Fiber optic,Yes,No,Two year,84.7,No
50,DSL,Yes,Yes,One year,70.8,No
1,DSL,No,No,Month-to-month,36.45,Yes
41,Fiber optic,No,No,Month-to-month,104.4,No
30,Fiber optic,No,Yes,Month-to-month,101.5,No
1,DSL,No,No,Month-to-month,54.3,No
29,Fiber optic,No,No,Month-to-month,103.95,No
23,DSL,Yes,Yes,Two year,91.1,No
60,No,No internet service,No internet service,Two year,19.95,No
72,No,No internet service,No internet service,Two year,26.45,No
22,Fiber optic,No,No,Month-to-month,89.4,Yes
72,DSL,Yes,Yes,Two year,75.1,No
66,Fiber optic,No,No,One year,108.1,No
72,Fiber optic,No,Yes,Two year,110.15,No
47,Fiber optic,Yes,No,Month-to-month,80.35,Yes
51,Fiber optic,No,Yes,One year,111.5,No
70,Fiber optic,No,No,One year,106.5,No
9,No,No internet service,No internet service,One year,19.9,No
59,Fiber optic,Yes,Yes,Two year,111.1,No
3,DSL,No,Yes,Month-to-month,70.7,No
38,DSL,No,No,Month-to-month,24.85,No
37,Fiber optic,Yes,No,Month-to-month,91.2,No
37,DSL,Yes,Yes,Two year,65.6,No
24,DSL,No,No,Month-to-month,40.65,Yes
14,DSL,Yes,Yes,Month-to-month,59.45,No
72,Fiber optic,Yes,Yes,Two year,109.95,No
53,DSL,No,Yes,One year,60.45,Yes
8,Fiber optic,No,No,Month-to-month,84.9,Yes
72,DSL,Yes,No,Two year,38.5,No
17,Fiber optic,No,No,Month-to-month,92.55,No
2,Fiber optic,No,No,Month-to-month,73.55,Yes
8,No,No internet service,No internet service,Month-to-month,20.15,Yes
48,DSL,No,No,One year,34.7,Yes
10,No,No internet service,No internet service,Month-to-month,24.5,No
0,No,No internet service,No internet service,One year,19.7,No
1,No,No internet service,No internet service,Month-to-month,20.6,No
29,DSL,Yes,Yes,One year,58,No
65,Fiber optic,No,No,One year,107.45,No
8,DSL,Yes,No,Month-to-month,65.5,No
61,No,No internet service,No internet service,Two year,25.45,No
45,Fiber optic,No,No,One year,100.15,No
72,Fiber optic,No,No,One year,104.45,No
12,No,No internet service,No internet service,Month-to-month,21.15,No
7,Fiber optic,No,No,Month-to-month,96.2,No
9,DSL,No,No,Month-to-month,44.4,No
43,Fiber optic,No,Yes,One year,107.55,Yes
58,Fiber optic,No,Yes,Two year,94.35,No
16,Fiber optic,No,No,Month-to-month,98.75,Yes
2,No,No internet service,No internet service,Month-to-month,20.3,No
8,Fiber optic,No,No,Month-to-month,101.15,Yes
40,Fiber optic,Yes,No,One year,105.75,No
9,Fiber optic,Yes,No,Month-to-month,81.15,No
41,Fiber optic,No,Yes,One year,89.55,No
26,DSL,No,No,Month-to-month,54.75,No
33,DSL,No,Yes,One year,53.75,No
68,Fiber optic,No,Yes,One year,105.75,No
65,Fiber optic,No,Yes,Two year,105.85,No
55,DSL,No,Yes,One year,64.2,No
20,Fiber optic,No,No,Month-to-month,88.7,Yes
19,Fiber optic,No,Yes,One year,87.7,No
45,Fiber optic,No,No,Month-to-month,89.3,No
70,No,No internet service,No internet service,Two year,20.15,No
2,Fiber optic,No,No,Month-to-month,79.75,Yes
27,Fiber optic,No,No,Month-to-month,94.55,Yes
12,No,No internet service,No internet service,Two year,20.05,No
72,DSL,Yes,Yes,Two year,67.2,No
12,Fiber optic,No,No,Month-to-month,94.55,No
5,Fiber optic,No,No,Month-to-month,69.05,Yes
71,Fiber optic,Yes,No,Month-to-month,107.5,No
35,DSL,No,Yes,One year,73,No
70,Fiber optic,Yes,Yes,Two year,114.75,No
31,Fiber optic,No,No,Month-to-month,76.05,No
52,Fiber optic,No,Yes,Two year,96.25,Yes
37,Fiber optic,No,No,Month-to-month,101.1,Yes
69,Fiber optic,No,Yes,One year,104.7,Yes
30,Fiber optic,No,No,Month-to-month,77.9,No
33,Fiber optic,Yes,No,Month-to-month,90.65,No
54,Fiber optic,No,Yes,Two year,110.45,No
59,DSL,Yes,Yes,One year,68.7,No
55,DSL,Yes,No,Month-to-month,44.85,No
69,DSL,No,No,One year,29.8,No
66,Fiber optic,No,No,One year,88.9,No
37,DSL,Yes,Yes,One year,58.75,No
9,No,No internet service,No internet service,One year,19.85,No
69,DSL,Yes,Yes,Two year,86.9,No
10,DSL,No,No,Month-to-month,59.65,No
40,DSL,Yes,No,Month-to-month,55.25,Yes
13,DSL,No,No,Month-to-month,66.4,No
6,Fiber optic,No,No,Month-to-month,90.1,Yes
69,No,No internet service,No internet service,Two year,20.15,No
66,Fiber optic,No,Yes,One year,108.1,No
11,DSL,No,No,Month-to-month,53.75,Yes
46,DSL,Yes,Yes,One year,56.9,No
6,Fiber optic,No,No,Month-to-month,89.3,Yes
56,Fiber optic,Yes,Yes,Month-to-month,109.6,No
70,No,No internet service,No internet service,Two year,25.15,No
33,DSL,No,Yes,One year,79.15,No
72,DSL,Yes,Yes,Two year,66.75,No
3,Fiber optic,No,No,Month-to-month,95.2,Yes
19,DSL,No,Yes,Month-to-month,48.8,No
5,DSL,No,No,Month-to-month,45.7,Yes
71,DSL,No,Yes,Two year,80.7,No
8,Fiber optic,Yes,No,Month-to-month,74.5,Yes
1,No,No internet service,No internet service,Month-to-month,20.55,No
1,Fiber optic,No,No,Month-to-month,79.65,Yes
61,Fiber optic,Yes,Yes,One year,115.1,No
71,DSL,Yes,Yes,Two year,59.7,No
68,Fiber optic,No,No,One year,86.45,No
46,DSL,No,Yes,One year,33.7,No
33,Fiber optic,Yes,No,One year,80.1,No
53,Fiber optic,Yes,Yes,Two year,104.05,No
50,Fiber optic,Yes,No,Month-to-month,108.75,No
57,DSL,Yes,Yes,One year,41.1,No
54,No,No internet service,No internet service,Two year,20.35,No
60,Fiber optic,No,No,Month-to-month,105.9,No
28,Fiber optic,No,Yes,Month-to-month,101.3,Yes
1,Fiber optic,No,No,Month-to-month,80.05,Yes
29,Fiber optic,No,No,Month-to-month,89.2,Yes
10,DSL,No,Yes,Month-to-month,65.5,No
43,DSL,Yes,No,Month-to-month,40.45,No
13,Fiber optic,No,No,Month-to-month,70.45,No
43,DSL,Yes,Yes,Two year,78.8,No
19,Fiber optic,No,No,Month-to-month,83.65,Yes
1,Fiber optic,No,No,Month-to-month,90.1,No
69,DSL,Yes,Yes,Two year,82.45,No
61,No,No internet service,No internet service,Two year,20.25,No
43,DSL,Yes,Yes,Month-to-month,66.25,No
6,No,No internet service,No internet service,Month-to-month,19.5,Yes
1,DSL,No,Yes,Month-to-month,51.25,Yes
56,Fiber optic,No,No,Month-to-month,89.7,No
70,DSL,Yes,Yes,Two year,64.55,No
1,DSL,No,No,Month-to-month,45.6,Yes
49,Fiber optic,No,No,One year,93.65,No
6,DSL,No,Yes,Month-to-month,49.65,Yes
32,DSL,Yes,Yes,Two year,73.6,No
72,Fiber optic,Yes,Yes,Two year,109.75,No
37,DSL,Yes,Yes,Two year,61.45,No
69,Fiber optic,Yes,Yes,One year,106.4,No
26,DSL,No,Yes,Month-to-month,81.9,No
58,Fiber optic,No,No,One year,105.2,No
24,DSL,No,Yes,One year,54.6,No
5,No,No internet service,No internet service,One year,20.55,No
15,No,No internet service,No internet service,Month-to-month,20,Yes
30,No,No internet service,No internet service,Two year,19.7,No
55,DSL,Yes,Yes,One year,66.05,No
25,DSL,No,No,Month-to-month,34,Yes
10,Fiber optic,No,Yes,Month-to-month,92.5,Yes
44,DSL,Yes,Yes,Two year,54.05,No
47,DSL,Yes,Yes,One year,58.9,No
13,Fiber optic,No,No,Month-to-month,88.35,Yes
49,Fiber optic,No,Yes,Two year,107.95,Yes
64,Fiber optic,Yes,Yes,One year,96.9,No
1,No,No internet service,No internet service,Month-to-month,19.1,No
20,DSL,No,Yes,Month-to-month,50,No
37,DSL,Yes,Yes,Two year,45.4,No
30,Fiber optic,No,No,Month-to-month,85.45,No
38,DSL,Yes,No,One year,84.1,No
1,Fiber optic,No,No,Month-to-month,74.45,Yes
37,DSL,No,No,Month-to-month,64.75,Yes
52,DSL,Yes,Yes,Two year,66.25,No
71,DSL,Yes,Yes,Two year,76.9,No
26,Fiber optic,No,No,Month-to-month,89.8,Yes
66,DSL,Yes,No,Two year,74.6,No
72,Fiber optic,Yes,Yes,Two year,116.95,No
25,DSL,Yes,No,One year,40.65,No
69,Fiber optic,Yes,Yes,Two year,114.35,No
53,DSL,Yes,No,Two year,69.7,No
12,Fiber optic,No,No,One year,95.5,Yes
26,Fiber optic,No,Yes,Month-to-month,98.65,No
21,DSL,No,No,Month-to-month,61.65,No
1,Fiber optic,No,No,Month-to-month,89.35,No
48,Fiber optic,Yes,Yes,Month-to-month,95.4,No
26,DSL,Yes,No,One year,35.4,No
60,No,No internet service,No internet service,Two year,19.95,No
18,No,No internet service,No internet service,Month-to-month,19.25,No
10,DSL,No,Yes,Month-to-month,29.65,Yes
5,Fiber optic,Yes,No,Month-to-month,84.5,Yes
4,No,No internet service,No internet service,One year,20.4,No
65,No,No internet service,No internet service,Two year,24.75,No
70,No,No internet service,No internet service,Two year,25.35,No
18,Fiber optic,No,No,Month-to-month,90.7,Yes
62,No,No internet service,No internet service,Two year,20,No
66,DSL,Yes,No,Two year,59.75,No
65,DSL,Yes,Yes,Two year,82.5,No
3,Fiber optic,No,No,Month-to-month,70.3,Yes
34,No,No internet service,No internet service,Month-to-month,20.35,No
16,Fiber optic,No,No,Month-to-month,90.8,No
54,Fiber optic,Yes,No,One year,103.95,Yes
50,Fiber optic,No,Yes,Month-to-month,104.95,No
71,Fiber optic,No,Yes,Two year,105.25,No
10,Fiber optic,No,No,Month-to-month,74.75,Yes
1,DSL,No,Yes,Month-to-month,50.8,Yes
18,No,No internet service,No internet service,One year,23.75,No
4,DSL,No,Yes,Month-to-month,61.3,No
58,DSL,Yes,Yes,Two year,75.8,No
56,Fiber optic,Yes,No,One year,98,No
2,Fiber optic,No,No,Month-to-month,80.25,Yes
32,Fiber optic,No,No,Month-to-month,78.9,Yes
56,DSL,Yes,Yes,One year,52,No
36,Fiber optic,No,No,Month-to-month,84.75,Yes
4,DSL,No,Yes,Month-to-month,64.4,No
53,Fiber optic,No,No,Month-to-month,85.45,Yes
10,DSL,No,No,Month-to-month,45.8,No
4,DSL,No,Yes,Month-to-month,30.5,No
1,No,No internet service,No internet service,Month-to-month,19.9,Yes
51,Fiber optic,No,No,Month-to-month,69.15,No
12,Fiber optic,No,No,Month-to-month,99.45,Yes
6,DSL,No,Yes,One year,49.25,No
63,DSL,No,Yes,Two year,39.35,No
1,Fiber optic,No,No,Month-to-month,70.6,Yes
48,Fiber optic,No,Yes,Month-to-month,105.1,No
5,Fiber optic,No,No,Month-to-month,81,Yes
35,No,No internet service,No internet service,One year,20.1,No
6,Fiber optic,No,No,Month-to-month,84.85,Yes
2,No,No internet service,No internet service,Month-to-month,19.75,No
50,No,No internet service,No internet service,One year,19.75,No
33,Fiber optic,No,No,Month-to-month,70.4,No
31,No,No internet service,No internet service,Two year,20.45,No
9,No,No internet service,No internet service,Two year,20.35,No
54,DSL,No,Yes,Month-to-month,86.2,No
46,Fiber optic,Yes,No,One year,95.65,No
34,Fiber optic,Yes,No,One year,103.8,No
71,Fiber optic,Yes,No,Two year,97.2,No
63,DSL,Yes,Yes,Two year,63.55,No
51,No,No internet service,No internet service,Two year,24.95,No
26,Fiber optic,No,No,Month-to-month,89.15,Yes
64,Fiber optic,Yes,No,Two year,99,No
1,DSL,No,No,Month-to-month,24.8,Yes
61,Fiber optic,No,Yes,One year,85.55,No
15,Fiber optic,No,No,Month-to-month,94,No
64,Fiber optic,No,Yes,One year,105.65,Yes
18,DSL,No,No,Month-to-month,50.3,No
57,Fiber optic,No,No,One year,95,No
14,DSL,Yes,No,Two year,61.4,No
18,Fiber optic,No,No,Month-to-month,80.55,No
72,Fiber optic,Yes,No,Two year,78.5,No
70,Fiber optic,Yes,Yes,Two year,114.3,No
38,No,No internet service,No internet service,Two year,20.05,No
68,DSL,Yes,Yes,Two year,62.65,No
13,Fiber optic,No,No,Month-to-month,80.85,Yes
65,Fiber optic,Yes,No,Two year,92.7,No
30,Fiber optic,No,No,Month-to-month,100.45,No
51,DSL,No,Yes,Two year,75.2,No
31,Fiber optic,Yes,No,Month-to-month,84.75,No
9,Fiber optic,No,No,Month-to-month,89.45,Yes
72,DSL,Yes,Yes,Two year,79.5,No
10,DSL,No,No,Month-to-month,72.15,Yes
37,No,No internet service,No internet service,One year,19.8,No
2,DSL,No,Yes,Month-to-month,76.4,Yes
55,Fiber optic,Yes,No,One year,100.9,No
33,Fiber optic,Yes,No,Month-to-month,95.3,No
46,Fiber optic,No,Yes,One year,90.95,No
1,DSL,Yes,Yes,Month-to-month,54.5,No
20,DSL,No,No,Month-to-month,61.6,Yes
9,Fiber optic,No,No,Month-to-month,79.9,Yes
32,Fiber optic,No,No,Month-to-month,96.15,Yes
19,DSL,No,No,Month-to-month,49.6,No
70,DSL,Yes,Yes,Two year,65.3,Yes
61,No,No internet service,No internet service,Two year,25,No
26,DSL,No,No,Month-to-month,45.45,No
45,Fiber optic,No,No,Month-to-month,107.75,No
62,Fiber optic,No,No,Two year,89.1,No
1,No,No internet service,No internet service,Month-to-month,19.65,Yes
3,DSL,No,No,Month-to-month,44.75,No
41,Fiber optic,Yes,No,One year,101.6,No
67,Fiber optic,No,Yes,Two year,103.15,No
1,Fiber optic,No,No,Month-to-month,84.65,Yes
71,Fiber optic,Yes,No,One year,95.65,No
37,DSL,Yes,No,One year,75.1,No
60,DSL,Yes,Yes,Two year,61.35,No
1,Fiber optic,No,No,Month-to-month,69.55,Yes
6,No,No internet service,No internet service,Month-to-month,19.7,No
13,DSL,No,No,Month-to-month,31.05,Yes
11,DSL,Yes,No,Month-to-month,51,No
7,DSL,Yes,No,Month-to-month,51,Yes
10,Fiber optic,No,No,Month-to-month,88.85,No
34,No,No internet service,No internet service,Two year,20.05,No
62,DSL,Yes,Yes,Two year,65.1,No
64,DSL,No,Yes,One year,70.15,No
1,DSL,No,No,Month-to-month,44.35,Yes
25,No,No internet service,No internet service,Two year,20.75,No
26,DSL,No,No,One year,56.05,No
10,No,No internet service,No internet service,One year,19.95,No
53,Fiber optic,Yes,No,One year,98.6,No
7,Fiber optic,No,No,Month-to-month,79.7,Yes
33,Fiber optic,No,No,Month-to-month,79,No
71,Fiber optic,No,No,Two year,89.45,No
29,Fiber optic,No,No,Month-to-month,74.2,No
24,DSL,Yes,Yes,Month-to-month,81,No
20,DSL,No,No,Month-to-month,49.6,No
1,Fiber optic,No,No,Month-to-month,84.6,No
54,DSL,No,No,Month-to-month,55,Yes
5,Fiber optic,No,No,Month-to-month,84.85,Yes
72,DSL,Yes,Yes,Two year,84.2,No
52,Fiber optic,Yes,Yes,Two year,106.3,No
9,Fiber optic,No,No,Month-to-month,69.05,No
1,DSL,No,No,Month-to-month,45.4,No
1,Fiber optic,No,No,Month-to-month,73.65,Yes
33,DSL,No,Yes,One year,73.9,Yes
55,Fiber optic,No,No,Month-to-month,77.75,Yes
69,Fiber optic,No,Yes,Two year,99.35,No
1,DSL,Yes,No,Month-to-month,50.75,No
54,DSL,Yes,Yes,Two year,87.1,No
33,No,No internet service,No internet service,One year,20.15,No
45,Fiber optic,No,Yes,One year,98.7,No
11,DSL,No,No,Month-to-month,25.2,No
6,DSL,Yes,No,Month-to-month,55.7,No
21,DSL,Yes,No,Month-to-month,65.35,No
65,No,No internet service,No internet service,Two year,25.3,No
6,Fiber optic,No,No,Month-to-month,84.35,Yes
8,Fiber optic,Yes,No,Month-to-month,84.95,Yes
11,Fiber optic,No,Yes,Month-to-month,73.85,Yes
43,No,No internet service,No internet service,Two year,24.25,No
49,DSL,No,No,One year,51.8,Yes
1,DSL,No,No,Month-to-month,46,Yes
15,Fiber optic,No,No,Month-to-month,79.4,Yes
60,DSL,Yes,No,Two year,60.5,No
17,DSL,No,No,Month-to-month,25.1,No
16,Fiber optic,No,No,Month-to-month,71.8,Yes
35,No,No internet service,No internet service,One year,20.05,No
44,Fiber optic,No,No,One year,88.4,Yes
12,DSL,No,Yes,One year,30.25,No
1,No,No internet service,No internet service,Month-to-month,20.2,No
28,DSL,Yes,Yes,One year,59.9,No
70,No,No internet service,No internet service,Two year,25.15,No
5,DSL,No,No,Month-to-month,46,Yes
18,Fiber optic,No,No,Month-to-month,101.3,No
70,DSL,Yes,Yes,Two year,76.95,No
9,DSL,No,No,Month-to-month,55.3,No
67,Fiber optic,Yes,Yes,Two year,92.45,No
1,DSL,Yes,No,Month-to-month,48.45,No
18,No,No internet service,No internet service,Two year,19.35,No
4,DSL,No,No,Month-to-month,51.75,Yes
71,Fiber optic,Yes,No,One year,86.7,No
30,Fiber optic,Yes,No,Month-to-month,94.4,Yes
1,DSL,Yes,No,Month-to-month,55.7,No
55,Fiber optic,Yes,No,One year,84.25,No
59,DSL,No,Yes,Month-to-month,64.65,No
1,Fiber optic,No,No,Month-to-month,70.15,Yes
7,Fiber optic,No,No,Month-to-month,69.2,No
45,DSL,Yes,Yes,Two year,54.65,No
54,No,No internet service,No internet service,One year,24.75,No
51,No,No internet service,No internet service,One year,23.95,No
72,Fiber optic,No,No,One year,105,No
44,DSL,Yes,Yes,One year,59.85,No
2,No,No internet service,No internet service,Month-to-month,20.05,No
66,Fiber optic,No,No,One year,92.15,No
68,DSL,Yes,No,One year,44.8,No
31,No,No internet service,No internet service,Two year,20.9,No
21,Fiber optic,No,No,Month-to-month,95.4,No
21,Fiber optic,Yes,No,Month-to-month,80.35,No
55,DSL,Yes,Yes,Two year,85.1,No
9,DSL,No,No,Month-to-month,34.7,Yes
71,Fiber optic,Yes,Yes,Two year,115.05,No
1,Fiber optic,No,No,Month-to-month,81.1,Yes
22,No,No internet service,No internet service,One year,19.95,No
1,No,No internet service,No internet service,Month-to-month,20.55,Yes
61,Fiber optic,No,Yes,Two year,106.6,Yes
67,DSL,No,Yes,Two year,86.15,No
14,Fiber optic,Yes,No,Month-to-month,78.85,No
59,Fiber optic,Yes,Yes,Month-to-month,106.75,Yes
21,Fiber optic,No,No,Month-to-month,86.55,No
4,DSL,Yes,Yes,Month-to-month,42.4,No
3,Fiber optic,No,No,Month-to-month,89.45,Yes
70,No,No internet service,No internet service,Two year,24.25,No
3,Fiber optic,No,Yes,Month-to-month,97.9,Yes
21,No,No internet service,No internet service,One year,20.5,No
20,No,No internet service,No internet service,Month-to-month,19.6,No
22,No,No internet service,No internet service,One year,20.25,No
1,DSL,No,No,Month-to-month,55.7,Yes
63,No,No internet service,No internet service,Two year,20.6,No
70,No,No internet service,No internet service,Two year,19.8,No
13,Fiber optic,No,No,Month-to-month,79.8,Yes
5,Fiber optic,No,No,Month-to-month,80.2,No
72,Fiber optic,Yes,Yes,Two year,116.4,No
13,DSL,No,No,Month-to-month,31.65,No
61,Fiber optic,No,Yes,Month-to-month,94.15,No
1,No,No internet service,No internet service,Month-to-month,20.65,No
56,Fiber optic,No,Yes,Month-to-month,76.85,No
4,No,No internet service,No internet service,Month-to-month,20.15,No
35,DSL,Yes,No,Two year,55.25,No
18,DSL,No,No,Month-to-month,39.05,Yes
72,DSL,No,No,Two year,82.15,No
49,Fiber optic,Yes,Yes,One year,103,No
44,Fiber optic,Yes,Yes,Month-to-month,95.1,No
3,Fiber optic,No,Yes,Month-to-month,83.9,Yes
37,Fiber optic,No,No,Month-to-month,95.15,No
61,DSL,No,No,One year,79.8,No
70,DSL,Yes,Yes,Two year,74.8,No
1,Fiber optic,No,No,Month-to-month,69.85,Yes
41,No,No internet service,No internet service,Month-to-month,20.45,No
70,DSL,Yes,Yes,One year,78.35,No
1,DSL,No,No,Month-to-month,53.55,Yes
51,No,No internet service,No internet service,One year,19.1,No
42,No,No internet service,No internet service,Two year,20,No
70,Fiber optic,Yes,Yes,Two year,93.9,Yes
48,No,No internet service,No internet service,One year,19.95,No
68,Fiber optic,Yes,Yes,Two year,113.15,Yes
48,No,No internet service,No internet service,Two year,24,No
26,Fiber optic,No,No,Month-to-month,84.95,Yes
11,Fiber optic,No,No,Month-to-month,80.5,Yes
1,No,No internet service,No internet service,Month-to-month,19.3,Yes
27,No,No internet service,No internet service,One year,19.15,No
46,Fiber optic,No,No,One year,91.3,No
1,DSL,No,No,Month-to-month,49.65,Yes
46,DSL,No,Yes,Two year,54.35,Yes
25,No,No internet service,No internet service,Month-to-month,19.15,No
4,Fiber optic,No,No,Month-to-month,88.45,Yes
13,No,No internet service,No internet service,Two year,19.75,No
31,DSL,Yes,Yes,One year,75.5,No
23,Fiber optic,No,No,Month-to-month,83.75,No
2,No,No internet service,No internet service,Month-to-month,19.4,No
65,No,No internet service,No internet service,Two year,26.5,No
22,Fiber optic,No,Yes,Month-to-month,90.5,Yes
55,No,No internet service,No internet service,One year,19.15,No
9,Fiber optic,No,Yes,Month-to-month,94.85,Yes
7,Fiber optic,No,No,Month-to-month,69.95,Yes
35,DSL,No,Yes,One year,40.9,No
6,DSL,Yes,Yes,Two year,80.25,No
1,DSL,Yes,No,Month-to-month,48.6,Yes
17,Fiber optic,No,No,Month-to-month,70.8,No
10,DSL,No,No,Month-to-month,60.2,No
15,DSL,No,Yes,One year,55.2,No
40,DSL,Yes,No,Month-to-month,55.8,Yes
13,DSL,Yes,Yes,One year,54.15,No
29,Fiber optic,No,No,Month-to-month,80.15,Yes
3,Fiber optic,No,No,Month-to-month,75.5,Yes
58,Fiber optic,No,Yes,Month-to-month,100.4,No
45,DSL,Yes,Yes,One year,62.55,No
72,DSL,Yes,Yes,Two year,70.45,No
68,Fiber optic,Yes,No,One year,85.5,No
1,No,No internet service,No internet service,Month-to-month,20.2,Yes
38,DSL,Yes,No,Month-to-month,54.5,No
2,No,No internet service,No internet service,Month-to-month,20.75,No
11,No,No internet service,No internet service,Month-to-month,20.35,No
20,Fiber optic,No,No,One year,91,No
72,Fiber optic,No,No,Two year,104.8,No
3,Fiber optic,No,No,Month-to-month,74.75,Yes
23,Fiber optic,No,Yes,Month-to-month,104.05,Yes
40,DSL,No,Yes,Month-to-month,51.1,No
62,Fiber optic,No,No,Month-to-month,89.8,No
22,No,No internet service,No internet service,Month-to-month,20.55,No
11,DSL,Yes,No,Month-to-month,64.05,No
7,Fiber optic,No,No,Month-to-month,74.85,No
13,Fiber optic,Yes,No,Month-to-month,96.65,Yes
1,No,No internet service,No internet service,Month-to-month,20.05,Yes
39,Fiber optic,No,No,Month-to-month,103.45,Yes
3,DSL,No,No,Month-to-month,25,No
58,No,No internet service,No internet service,Two year,20.3,No
6,No,No internet service,No internet service,Month-to-month,26.35,No
1,No,No internet service,No internet service,Month-to-month,19.9,Yes
22,DSL,No,No,Month-to-month,54.7,No
14,DSL,No,No,Month-to-month,46.35,Yes
64,Fiber optic,No,No,One year,90.25,No
1,No,No internet service,No internet service,Month-to-month,19.95,Yes
6,No,No internet service,No internet service,Month-to-month,20.65,No
1,Fiber optic,No,No,Month-to-month,79.6,Yes
39,No,No internet service,No internet service,One year,25.45,No
20,No,No internet service,No internet service,One year,19.5,No
1,Fiber optic,No,Yes,Month-to-month,75.9,Yes
1,Fiber optic,No,No,Month-to-month,76.2,Yes
64,DSL,Yes,No,One year,66.15,No
1,No,No internet service,No internet service,Month-to-month,19.25,Yes
46,DSL,No,No,Month-to-month,69.1,No
28,DSL,No,No,One year,39.1,No
33,No,No internet service,No internet service,Month-to-month,20.05,No
39,DSL,Yes,No,One year,59.8,No
42,Fiber optic,No,Yes,Month-to-month,84.3,Yes
1,DSL,No,No,Month-to-month,48.6,No
7,Fiber optic,No,No,Month-to-month,79,Yes
70,Fiber optic,Yes,No,Two year,105.35,No
65,No,No internet service,No internet service,Two year,25.1,No
1,DSL,Yes,No,Month-to-month,49.75,No
18,Fiber optic,No,No,Month-to-month,94.75,No
24,Fiber optic,No,No,Month-to-month,93,No
63,DSL,Yes,Yes,Two year,71.9,No
44,DSL,No,No,One year,77.55,No
4,No,No internet service,No internet service,Month-to-month,19.85,No
1,Fiber optic,No,No,Month-to-month,70.25,Yes
37,Fiber optic,No,No,Month-to-month,95.25,No
10,Fiber optic,No,No,Month-to-month,84.6,Yes
34,DSL,No,No,Month-to-month,25.05,No
35,DSL,Yes,No,One year,53.15,No
4,No,No internet service,No internet service,Month-to-month,20.15,No
39,Fiber optic,No,Yes,Month-to-month,101.25,No
43,Fiber optic,No,No,One year,100.55,No
17,No,No internet service,No internet service,Month-to-month,24.1,Yes
61,No,No internet service,No internet service,Two year,25.3,No
49,DSL,Yes,No,One year,71.8,No
4,No,No internet service,No internet service,One year,19.7,No
64,DSL,No,Yes,Two year,49.85,No
3,Fiber optic,No,No,Month-to-month,69.6,No
1,No,No internet service,No internet service,Month-to-month,19.75,No
40,Fiber optic,No,No,One year,80.8,No
1,DSL,Yes,Yes,Month-to-month,60,Yes
8,Fiber optic,No,No,Month-to-month,86.55,Yes
1,No,No internet service,No internet service,Month-to-month,20.85,Yes
34,DSL,No,Yes,One year,64.2,No
1,DSL,No,No,Month-to-month,35,No
39,DSL,No,No,Month-to-month,50.75,Yes
58,Fiber optic,Yes,Yes,One year,105.5,Yes
45,No,No internet service,No internet service,Two year,19.2,No
6,Fiber optic,Yes,No,Month-to-month,85.15,Yes
43,Fiber optic,Yes,Yes,One year,90.65,No
41,No,No internet service,No internet service,Two year,20,No
5,Fiber optic,No,No,Month-to-month,74.65,No
72,DSL,Yes,Yes,Two year,61.2,No
4,No,No internet service,No internet service,One year,19.95,No
9,DSL,No,Yes,Month-to-month,54.8,No
72,DSL,No,No,Two year,73.45,No
33,DSL,No,Yes,One year,51.45,No
72,Fiber optic,Yes,No,Two year,80.45,No
22,DSL,Yes,Yes,Month-to-month,54.2,Yes
70,Fiber optic,No,Yes,One year,109.5,Yes
21,Fiber optic,No,No,Month-to-month,104.4,Yes
15,Fiber optic,No,No,Month-to-month,85.3,No
29,Fiber optic,No,Yes,Month-to-month,79.3,No
15,DSL,No,Yes,Month-to-month,76.5,No
71,Fiber optic,Yes,No,Month-to-month,105.1,Yes
72,No,No internet service,No internet service,Two year,25.4,No
19,Fiber optic,No,No,Month-to-month,86.85,No
1,No,No internet service,No internet service,Month-to-month,19.65,No
1,Fiber optic,No,No,Month-to-month,75.7,Yes
2,DSL,No,No,Month-to-month,45.55,No
11,Fiber optic,No,No,Month-to-month,78.1,No
12,No,No internet service,No internet service,One year,19.3,No
70,Fiber optic,No,Yes,Two year,110.5,No
20,Fiber optic,No,No,Month-to-month,90.8,Yes
23,No,No internet service,No internet service,Month-to-month,20.3,No
49,DSL,Yes,Yes,Two year,81.35,No
4,Fiber optic,No,No,Month-to-month,97.95,Yes
32,Fiber optic,Yes,Yes,Month-to-month,108.15,Yes
2,DSL,No,No,Month-to-month,55.3,No
69,DSL,Yes,No,Two year,56.55,No
6,Fiber optic,No,No,Month-to-month,80.5,Yes
24,No,No internet service,No internet service,Two year,19.7,No
32,Fiber optic,No,No,One year,104.05,No
27,DSL,Yes,No,Two year,52.85,No
27,Fiber optic,Yes,Yes,Month-to-month,104.3,Yes
58,Fiber optic,No,Yes,Month-to-month,80.65,No
1,Fiber optic,No,No,Month-to-month,71.35,Yes
18,No,No internet service,No internet service,Two year,24.65,No
47,No,No internet service,No internet service,Two year,21.3,No
70,Fiber optic,No,Yes,Two year,110.2,No
13,Fiber optic,No,Yes,Month-to-month,89.4,Yes
36,DSL,Yes,No,Month-to-month,51.05,No
67,No,No internet service,No internet service,Two year,19.8,No
10,No,No internet service,No internet service,Month-to-month,19.9,No
19,Fiber optic,Yes,No,Month-to-month,87.3,No
71,No,No internet service,No internet service,Two year,19.85,No
72,DSL,Yes,Yes,Two year,89.4,No
48,No,No internet service,No internet service,Two year,20,No
1,No,No internet service,No internet service,Month-to-month,20.05,No
18,DSL,Yes,Yes,Month-to-month,83.25,No
1,No,No internet service,No internet service,Month-to-month,20.6,Yes
67,Fiber optic,No,Yes,Two year,102.9,No
69,DSL,Yes,Yes,Two year,39.1,No
19,Fiber optic,No,No,Month-to-month,99.95,Yes
72,Fiber optic,Yes,Yes,Two year,114.5,No
38,No,No internet service,No internet service,Two year,20.2,No
40,DSL,No,No,One year,55.8,No
61,No,No internet service,No internet service,Two year,24.2,No
10,Fiber optic,No,No,Month-to-month,81,Yes
32,DSL,Yes,Yes,One year,72.8,No
21,Fiber optic,No,No,Month-to-month,99.85,No
59,Fiber optic,No,No,One year,99.5,No
13,Fiber optic,No,No,Month-to-month,70.15,Yes
47,No,No internet service,No internet service,Two year,20.25,No
69,No,No internet service,No internet service,Two year,26,No
2,No,No internet service,No internet service,Month-to-month,19.9,No
22,No,No internet service,No internet service,Month-to-month,19.05,No
15,Fiber optic,Yes,No,Month-to-month,96.5,No
53,No,No internet service,No internet service,Two year,19.85,No
28,No,No internet service,No internet service,Month-to-month,25.7,No
22,No,No internet service,No internet service,One year,20.3,No
1,Fiber optic,No,No,Month-to-month,70.15,Yes
16,Fiber optic,No,Yes,Month-to-month,91.55,No
48,DSL,Yes,Yes,Two year,39.4,No
30,Fiber optic,Yes,Yes,Month-to-month,105.7,No
3,Fiber optic,No,No,Month-to-month,70.25,No
57,Fiber optic,Yes,Yes,Two year,93.75,No
68,Fiber optic,Yes,No,One year,96.55,Yes
23,DSL,No,Yes,One year,60,No
65,DSL,No,Yes,Two year,59.8,No
44,Fiber optic,No,No,One year,90.65,No
71,Fiber optic,Yes,No,Two year,109,No
37,DSL,Yes,Yes,One year,68.1,No
12,No,No internet service,No internet service,Month-to-month,20.4,No
69,DSL,No,Yes,Two year,81.95,No
35,DSL,Yes,No,Month-to-month,60.55,No
5,DSL,No,Yes,Month-to-month,65.6,No
58,Fiber optic,No,No,Two year,82.5,No
72,DSL,Yes,Yes,Two year,82.3,No
72,DSL,Yes,Yes,Two year,68.15,No
1,No,No internet service,No internet service,Month-to-month,20.3,No
39,Fiber optic,Yes,Yes,One year,95.55,Yes
53,No,No internet service,No internet service,One year,20.2,No
27,Fiber optic,No,Yes,Month-to-month,89.2,No
1,Fiber optic,No,No,Month-to-month,69.65,Yes
1,Fiber optic,No,No,Month-to-month,89.3,Yes
18,Fiber optic,Yes,No,Month-to-month,74.8,No
46,No,No internet service,No internet service,Two year,20.2,No
72,DSL,Yes,Yes,Two year,84.4,No
36,Fiber optic,No,Yes,Month-to-month,87.55,Yes
4,DSL,No,No,Month-to-month,25.15,No
25,No,No internet service,No internet service,Two year,19.8,No
40,DSL,No,No,Month-to-month,50.85,No
63,Fiber optic,No,No,Month-to-month,102.4,No
15,Fiber optic,Yes,Yes,Month-to-month,96.3,Yes
14,DSL,No,No,Month-to-month,55.5,No
72,Fiber optic,No,Yes,Two year,109.75,No
39,Fiber optic,Yes,No,Month-to-month,106.4,No
47,DSL,Yes,No,Two year,60,No
19,Fiber optic,Yes,Yes,Month-to-month,88.8,No
5,Fiber optic,No,No,Month-to-month,85.2,Yes
13,DSL,No,No,Month-to-month,35.1,Yes
17,Fiber optic,No,No,Month-to-month,80.05,No
34,Fiber optic,No,No,Month-to-month,75.55,No
42,DSL,No,No,Month-to-month,49.55,No
5,Fiber optic,No,No,Month-to-month,81.3,Yes
71,No,No internet service,No internet service,Two year,23.9,No
19,DSL,Yes,No,Month-to-month,66.4,No
2,No,No internet service,No internet service,Month-to-month,19.6,Yes
57,No,No internet service,No internet service,Two year,18.8,No
72,Fiber optic,No,Yes,Two year,108.4,No
6,Fiber optic,No,No,Month-to-month,85.95,No
17,Fiber optic,No,No,Month-to-month,85.45,Yes
61,DSL,No,No,Two year,80.9,No
1,Fiber optic,No,No,Month-to-month,71,Yes
48,Fiber optic,Yes,Yes,Two year,111.8,No
16,No,No internet service,No internet service,Month-to-month,20.6,No
9,Fiber optic,No,No,Month-to-month,85.05,Yes
3,DSL,No,No,Month-to-month,44.6,No
1,DSL,No,No,Month-to-month,44.4,Yes
65,Fiber optic,No,No,Two year,105.1,No
70,Fiber optic,Yes,Yes,Two year,115.15,No
60,DSL,Yes,No,One year,59.8,No
69,No,No internet service,No internet service,One year,26.3,No
35,Fiber optic,No,No,Month-to-month,70.55,No
22,No,No internet service,No internet service,Month-to-month,20.05,No
66,DSL,No,No,Two year,79.85,No
1,Fiber optic,No,No,Month-to-month,70.3,Yes
1,Fiber optic,No,No,Month-to-month,79.35,Yes
34,Fiber optic,No,No,Month-to-month,90.05,No
72,No,No internet service,No internet service,Two year,24.45,No
31,DSL,Yes,Yes,One year,59.95,No
30,No,No internet service,No internet service,One year,25.35,No
9,Fiber optic,No,No,Month-to-month,90.8,Yes
20,Fiber optic,No,No,Month-to-month,70.45,Yes
19,DSL,No,No,Month-to-month,34.3,No
65,Fiber optic,Yes,No,Month-to-month,105.05,No
30,No,No internet service,No internet service,Two year,19.3,No
6,No,No internet service,No internet service,One year,19.15,No
2,DSL,No,No,Month-to-month,51.4,No
53,DSL,Yes,Yes,Month-to-month,71.85,No
7,Fiber optic,No,No,Month-to-month,75.4,No
61,DSL,Yes,No,One year,49.7,No
70,DSL,No,No,One year,45.25,Yes
13,DSL,Yes,No,Month-to-month,78.75,No
35,Fiber optic,No,No,One year,81.6,No
2,Fiber optic,No,No,Month-to-month,70.4,No
3,Fiber optic,No,No,Month-to-month,75.8,Yes
3,Fiber optic,No,No,Month-to-month,76.1,No
62,Fiber optic,No,No,One year,94,No
72,Fiber optic,Yes,Yes,Two year,103.95,No
63,No,No internet service,No internet service,Two year,19.95,No
20,Fiber optic,No,No,Month-to-month,71.3,Yes
35,Fiber optic,Yes,Yes,One year,110.8,No
21,Fiber optic,No,No,Month-to-month,69.1,Yes
62,Fiber optic,Yes,No,One year,96.1,No
15,DSL,No,No,Month-to-month,48.8,No
55,DSL,Yes,No,Month-to-month,50.55,No
11,DSL,No,No,Month-to-month,44.65,No
17,Fiber optic,No,No,Month-to-month,88.25,Yes
61,No,No internet service,No internet service,One year,19.45,No
71,DSL,Yes,Yes,Two year,89.3,No
2,Fiber optic,No,No,Month-to-month,70,Yes
35,No,No internet service,No internet service,Two year,19.25,No
17,Fiber optic,No,No,Month-to-month,70.5,No
21,Fiber optic,No,No,Month-to-month,97.35,Yes
47,No,No internet service,No internet service,Two year,19.65,No
3,No,No internet service,No internet service,Month-to-month,20.85,No
3,No,No internet service,No internet service,Month-to-month,19.65,No
44,No,No internet service,No internet service,Two year,19.35,No
1,DSL,No,No,Month-to-month,44,No
44,Fiber optic,No,No,One year,94.4,No
5,No,No internet service,No internet service,Month-to-month,25.9,Yes
24,DSL,Yes,No,Month-to-month,55.65,Yes
1,Fiber optic,No,No,Month-to-month,69.65,Yes
18,Fiber optic,Yes,No,Month-to-month,75.4,No
10,Fiber optic,No,No,Month-to-month,100.6,Yes
65,DSL,Yes,No,Two year,71,No
1,Fiber optic,No,No,Month-to-month,86,Yes
53,Fiber optic,Yes,No,One year,106.95,Yes
3,No,No internet service,No internet service,One year,21.2,No
33,DSL,Yes,Yes,Two year,61.05,No
3,DSL,No,No,Month-to-month,29.6,Yes
34,DSL,Yes,Yes,One year,79.95,No
14,No,No internet service,No internet service,Two year,19.7,No
13,No,No internet service,No internet service,Month-to-month,20.3,No
46,DSL,No,Yes,One year,59.9,Yes
23,No,No internet service,No internet service,One year,24.35,No
47,No,No internet service,No internet service,Two year,19.75,No
17,DSL,Yes,No,Month-to-month,50.3,No
49,Fiber optic,No,No,Month-to-month,95.6,Yes
59,DSL,No,No,Month-to-month,50.25,No
69,DSL,Yes,Yes,Two year,85.35,No
11,DSL,No,No,One year,41.6,Yes
10,DSL,Yes,No,Month-to-month,51.65,No
12,No,No internet service,No internet service,Two year,24,No
45,Fiber optic,No,No,Month-to-month,100.85,Yes
39,DSL,No,No,Month-to-month,59.85,No
71,No,No internet service,No internet service,Two year,25.45,No
71,No,No internet service,No internet service,Two year,23.9,No
33,No,No internet service,No internet service,One year,24.15,No
67,Fiber optic,No,No,Month-to-month,75.7,No
37,DSL,Yes,No,Month-to-month,40.2,Yes
49,Fiber optic,No,No,Month-to-month,84.5,Yes
9,DSL,No,No,Month-to-month,50.85,No
52,Fiber optic,Yes,Yes,Two year,91.6,No
70,Fiber optic,No,No,One year,98.9,No
1,Fiber optic,No,No,Month-to-month,85,No
14,Fiber optic,No,No,Month-to-month,78.95,Yes
1,DSL,No,No,Month-to-month,44.3,No
1,No,No internet service,No internet service,Month-to-month,20.2,Yes
52,Fiber optic,No,No,One year,80.2,No
6,DSL,No,No,Month-to-month,60.9,No
7,DSL,Yes,No,Month-to-month,34.2,No
47,Fiber optic,No,No,Month-to-month,85.2,Yes
26,Fiber optic,Yes,Yes,One year,87.15,No
25,DSL,Yes,Yes,Month-to-month,54.3,No
69,No,No internet service,No internet service,Two year,19.1,No
72,Fiber optic,Yes,Yes,Two year,112.75,No
4,No,No internet service,No internet service,Month-to-month,19.95,No
59,No,No internet service,No internet service,Two year,19.5,No
67,DSL,Yes,No,Two year,65.55,No
26,Fiber optic,No,No,Month-to-month,78.8,No
27,DSL,No,Yes,One year,78.2,No
72,Fiber optic,Yes,No,Two year,105.25,No
6,Fiber optic,No,Yes,Month-to-month,89.25,No
62,No,No internet service,No internet service,Two year,20.65,No
20,DSL,No,Yes,One year,68.7,No
6,DSL,Yes,Yes,Month-to-month,78.65,No
51,No,No internet service,No internet service,Two year,24.75,No
61,No,No internet service,No internet service,Two year,19.75,No
62,Fiber optic,Yes,No,Month-to-month,89.1,No
72,Fiber optic,Yes,Yes,Two year,84.7,No
13,Fiber optic,No,No,Month-to-month,98,Yes
5,Fiber optic,No,No,Month-to-month,94.45,Yes
3,Fiber optic,No,No,Month-to-month,105,Yes
26,Fiber optic,No,No,Month-to-month,93.85,Yes
13,DSL,No,No,Month-to-month,59.9,No
38,No,No internet service,No internet service,Two year,19.95,No
8,Fiber optic,No,No,Month-to-month,84,Yes
34,Fiber optic,No,Yes,Month-to-month,108.9,No
18,DSL,Yes,No,Month-to-month,33.6,No
56,Fiber optic,No,Yes,One year,85.85,No
36,DSL,No,Yes,Month-to-month,34.85,No
9,DSL,No,No,Month-to-month,48.75,Yes
1,Fiber optic,No,No,Month-to-month,84.85,Yes
12,DSL,Yes,Yes,Month-to-month,56.65,Yes
57,Fiber optic,No,Yes,Month-to-month,95.3,No
42,DSL,Yes,Yes,One year,73.9,Yes
33,No,No internet service,No internet service,Two year,24.5,Yes
70,Fiber optic,Yes,Yes,Two year,84.6,No
68,DSL,No,Yes,Month-to-month,44.95,No
1,DSL,No,No,Month-to-month,24.7,No
37,Fiber optic,No,Yes,Month-to-month,100.3,No
4,No,No internet service,No internet service,Month-to-month,25.45,No
1,DSL,Yes,No,Month-to-month,50.7,No
20,DSL,Yes,Yes,Month-to-month,55,No
72,DSL,Yes,Yes,Two year,68.4,No
31,Fiber optic,No,No,Month-to-month,89.9,Yes
18,Fiber optic,No,No,Month-to-month,78.55,Yes
11,DSL,No,No,Month-to-month,55.05,No
33,No,No internet service,No internet service,Two year,19.8,No
62,Fiber optic,No,No,One year,84.45,No
1,DSL,No,Yes,Month-to-month,35.9,No
16,Fiber optic,Yes,No,Month-to-month,80.75,No
22,DSL,No,Yes,One year,78.65,No
49,DSL,Yes,Yes,Month-to-month,61.75,No
36,DSL,Yes,No,One year,63.7,No
42,Fiber optic,No,Yes,Month-to-month,99.45,Yes
4,DSL,No,No,Month-to-month,25.2,Yes
12,DSL,No,Yes,One year,74.05,Yes
31,Fiber optic,Yes,Yes,Month-to-month,87.6,No
5,Fiber optic,Yes,No,Month-to-month,89.15,No
66,No,No internet service,No internet service,Two year,20,No
15,DSL,No,Yes,Month-to-month,55,Yes
64,Fiber optic,No,No,Two year,104.4,No
10,No,No internet service,No internet service,Month-to-month,20.05,No
7,Fiber optic,No,Yes,Month-to-month,89.75,Yes
29,DSL,No,Yes,Month-to-month,34.3,No
57,No,No internet service,No internet service,Two year,20.65,No
46,Fiber optic,Yes,No,Month-to-month,84.25,No
53,No,No internet service,No internet service,Two year,19.65,No
17,DSL,Yes,Yes,One year,79.85,No
38,No,No internet service,No internet service,Two year,20.2,No
15,No,No internet service,No internet service,One year,19.8,No
22,DSL,No,No,Month-to-month,50.35,No
14,Fiber optic,No,No,Month-to-month,85.15,Yes
57,DSL,No,Yes,One year,74.6,No
11,Fiber optic,No,No,Month-to-month,79.15,No
1,No,No internet service,No internet service,Two year,20.35,No
12,No,No internet service,No internet service,Two year,21.05,No
3,Fiber optic,No,No,Month-to-month,94.6,Yes
36,Fiber optic,No,No,Month-to-month,94.7,No
16,Fiber optic,Yes,No,Month-to-month,94.25,Yes
65,DSL,Yes,No,One year,72.45,Yes
2,Fiber optic,No,No,Month-to-month,74.95,No
42,Fiber optic,Yes,No,Month-to-month,105.2,Yes
72,Fiber optic,Yes,Yes,Two year,111.95,No
62,No,No internet service,No internet service,Two year,19.85,No
6,Fiber optic,No,No,Month-to-month,89.75,No
48,No,No internet service,No internet service,Two year,20.05,No
35,Fiber optic,Yes,Yes,Two year,108.95,No
52,No,No internet service,No internet service,One year,19.65,No
1,DSL,No,No,Month-to-month,24.9,No
6,Fiber optic,No,No,Month-to-month,82.85,Yes
71,DSL,Yes,Yes,Two year,93.2,No
67,Fiber optic,Yes,No,One year,84.8,No
60,DSL,Yes,No,One year,71.75,No
23,DSL,No,Yes,Month-to-month,30.35,No
39,DSL,No,Yes,One year,54.85,No
15,No,No internet service,No internet service,One year,19.5,No
53,Fiber optic,No,No,Month-to-month,103.85,Yes
24,No,No internet service,No internet service,Two year,24.2,No
37,No,No internet service,No internet service,Month-to-month,19.35,No
5,Fiber optic,No,No,Month-to-month,83.6,Yes
50,Fiber optic,No,Yes,One year,100.65,No
54,Fiber optic,No,No,One year,94.1,No
3,Fiber optic,Yes,No,Month-to-month,74.55,No
68,Fiber optic,No,Yes,One year,108.45,Yes
5,DSL,No,Yes,Month-to-month,56.15,No
33,No,No internet service,No internet service,Two year,20.35,No
41,DSL,No,No,One year,80.55,No
34,DSL,Yes,Yes,One year,61.25,No
13,No,No internet service,No internet service,Month-to-month,20.45,No
20,No,No internet service,No internet service,Month-to-month,18.9,No
51,No,No internet service,No internet service,Two year,19.6,No
3,Fiber optic,No,No,Month-to-month,91.5,Yes
41,DSL,No,No,Month-to-month,45.2,No
13,No,No internet service,No internet service,Month-to-month,19.45,No
35,No,No internet service,No internet service,Two year,25.45,No
12,Fiber optic,Yes,Yes,Month-to-month,80.85,Yes
4,Fiber optic,Yes,Yes,Month-to-month,94.9,No
43,DSL,No,No,Month-to-month,49.05,Yes
12,DSL,No,Yes,Month-to-month,29.3,No
68,Fiber optic,No,No,Month-to-month,105.3,Yes
25,Fiber optic,No,No,Month-to-month,88.95,Yes
7,No,No internet service,No internet service,One year,20.25,No
66,Fiber optic,No,Yes,One year,110.85,Yes
53,Fiber optic,Yes,Yes,One year,110.5,No
63,Fiber optic,Yes,No,Month-to-month,109.4,No
70,Fiber optic,Yes,Yes,Two year,114.2,Yes
27,DSL,No,No,Month-to-month,36.5,Yes
1,Fiber optic,No,No,Month-to-month,70.75,Yes
5,No,No internet service,No internet service,Month-to-month,19.95,No
37,No,No internet service,No internet service,One year,19.6,No
3,DSL,No,No,Month-to-month,40.15,Yes
12,Fiber optic,No,No,Month-to-month,76.6,No
38,No,No internet service,No internet service,One year,19.6,No
9,Fiber optic,No,No,Month-to-month,85.3,No
13,DSL,Yes,No,Month-to-month,65.85,No
29,Fiber optic,No,No,Month-to-month,94.45,Yes
47,No,No internet service,No internet service,Two year,20.05,No
61,Fiber optic,Yes,Yes,Month-to-month,99.4,No
16,No,No internet service,No internet service,Month-to-month,20,No
41,DSL,Yes,Yes,Two year,78.45,No
43,No,No internet service,No internet service,Two year,25.1,No
36,Fiber optic,No,No,Month-to-month,97.35,Yes
6,DSL,No,No,Month-to-month,55,No
58,DSL,Yes,Yes,One year,71.1,No
19,DSL,No,Yes,Month-to-month,61.55,No
11,DSL,No,No,Month-to-month,45.9,No
39,DSL,Yes,Yes,One year,40.3,No
8,Fiber optic,No,No,Month-to-month,87.1,No
26,DSL,No,No,Month-to-month,49.5,No
53,Fiber optic,No,No,Month-to-month,73.8,No
70,No,No internet service,No internet service,Two year,19.2,No
1,DSL,No,No,Month-to-month,45.3,Yes
59,No,No internet service,No internet service,Two year,25,No
2,Fiber optic,No,No,Month-to-month,94.95,Yes
7,DSL,Yes,No,One year,35.3,No
12,DSL,No,No,Month-to-month,44.55,Yes
59,DSL,No,Yes,One year,76.75,No
61,DSL,No,Yes,Two year,81,No
72,Fiber optic,Yes,No,Two year,105.55,No
13,No,No internet service,No internet service,Month-to-month,18.8,No
64,No,No internet service,No internet service,One year,24.9,No
1,DSL,No,No,Month-to-month,23.45,Yes
10,DSL,No,Yes,One year,64.9,No
65,DSL,Yes,No,One year,61.35,No
62,Fiber optic,Yes,Yes,Two year,113.95,No
55,DSL,Yes,Yes,One year,90.15,No
25,DSL,No,No,Month-to-month,54.1,No
1,DSL,Yes,No,Month-to-month,29.7,Yes
1,DSL,Yes,No,Month-to-month,49.8,No
59,Fiber optic,No,No,Month-to-month,101.1,Yes
64,No,No internet service,No internet service,Two year,24.4,No
36,Fiber optic,No,No,Month-to-month,95,No
3,DSL,No,No,Month-to-month,50.65,Yes
61,DSL,Yes,No,Two year,69.9,No
26,DSL,No,No,One year,39.95,No
1,DSL,No,No,Month-to-month,55.4,Yes
1,Fiber optic,No,No,Month-to-month,90.6,Yes
68,Fiber optic,Yes,No,Two year,103.25,No
2,Fiber optic,No,No,Month-to-month,86.85,Yes
72,Fiber optic,Yes,Yes,Two year,94.25,No
71,DSL,No,Yes,Two year,47.05,No
57,No,No internet service,No internet service,Two year,20.55,No
4,No,No internet service,No internet service,Month-to-month,19.65,No
1,Fiber optic,No,No,Month-to-month,70.2,No
72,DSL,Yes,Yes,Two year,81,No
21,DSL,Yes,No,One year,75.9,No
71,No,No internet service,No internet service,Two year,24.7,No
29,Fiber optic,No,No,Month-to-month,99.05,Yes
69,Fiber optic,Yes,Yes,Two year,110.25,No
64,DSL,Yes,Yes,Two year,85,No
16,No,No internet service,No internet service,Month-to-month,19.75,No
4,No,No internet service,No internet service,One year,23.9,No
52,Fiber optic,Yes,Yes,One year,111.25,Yes
2,DSL,Yes,No,Month-to-month,55.1,Yes
1,No,No internet service,No internet service,Month-to-month,19.95,No
18,DSL,No,No,Month-to-month,25.15,No
2,DSL,No,No,Month-to-month,54.15,No
19,DSL,No,No,Month-to-month,59.8,No
40,Fiber optic,No,No,Month-to-month,83.85,No
66,Fiber optic,No,No,One year,104.9,No
21,Fiber optic,No,No,Month-to-month,75.3,No
8,DSL,No,Yes,Month-to-month,66.65,No
72,Fiber optic,Yes,Yes,Two year,109.5,No
48,DSL,No,Yes,One year,73.85,No
69,No,No internet service,No internet service,Two year,19.3,No
72,Fiber optic,Yes,Yes,Two year,118.2,No
14,DSL,No,No,One year,51.45,No
6,DSL,No,No,Month-to-month,59.45,No
8,No,No internet service,No internet service,Two year,19.5,No
17,No,No internet service,No internet service,One year,19.55,No
65,Fiber optic,Yes,Yes,One year,93.55,No
57,DSL,Yes,Yes,One year,59.3,No
13,Fiber optic,No,No,Month-to-month,102.25,Yes
19,Fiber optic,No,No,Month-to-month,95.9,Yes
56,Fiber optic,Yes,No,One year,109.8,No
14,Fiber optic,No,No,Month-to-month,78.1,No
52,DSL,Yes,No,Month-to-month,39.9,No
58,DSL,Yes,Yes,Two year,64.9,No
47,Fiber optic,No,Yes,Month-to-month,95.05,Yes
67,DSL,No,Yes,Month-to-month,53.4,No
2,DSL,No,No,Month-to-month,24.9,No
6,DSL,No,No,Month-to-month,44.7,No
71,Fiber optic,Yes,Yes,Two year,114,No
46,No,No internet service,No internet service,Two year,20.25,No
5,DSL,Yes,Yes,Month-to-month,53.85,Yes
67,Fiber optic,Yes,No,Month-to-month,83.85,No
3,No,No internet service,No internet service,Month-to-month,20.2,No
3,No,No internet service,No internet service,Month-to-month,19.95,No
52,Fiber optic,Yes,No,Month-to-month,104.2,Yes
42,DSL,No,No,Month-to-month,50.25,Yes
50,No,No internet service,No internet service,One year,20.35,No
23,Fiber optic,Yes,No,Month-to-month,90,No
67,DSL,Yes,Yes,Two year,54.2,No
25,Fiber optic,No,No,Month-to-month,99.5,Yes
39,Fiber optic,Yes,No,One year,99.1,No
69,DSL,Yes,Yes,Two year,66.9,No
1,DSL,No,No,One year,25.85,No
32,Fiber optic,No,No,Month-to-month,91.05,No
9,Fiber optic,No,No,Month-to-month,71,Yes
16,Fiber optic,No,No,Month-to-month,93.2,Yes
60,No,No internet service,No internet service,Two year,20.95,No
72,Fiber optic,No,Yes,Two year,109.2,No
5,No,No internet service,No internet service,Month-to-month,19.35,Yes
26,Fiber optic,Yes,No,Month-to-month,85.8,No
3,No,No internet service,No internet service,Month-to-month,19.85,Yes
2,No,No internet service,No internet service,Month-to-month,19.65,No
2,No,No internet service,No internet service,One year,20.5,No
36,DSL,Yes,Yes,One year,89.65,No
7,Fiber optic,Yes,No,Month-to-month,74.35,No
60,DSL,No,No,Two year,49.45,No
19,Fiber optic,No,No,Month-to-month,89.1,No
45,DSL,Yes,Yes,Two year,75.15,No
4,Fiber optic,No,No,Month-to-month,70.65,No
31,Fiber optic,No,Yes,Month-to-month,104.2,Yes
47,Fiber optic,Yes,No,Month-to-month,90.05,No
1,Fiber optic,No,No,Month-to-month,79.25,Yes
1,DSL,No,No,Month-to-month,44.9,Yes
1,No,No internet service,No internet service,Month-to-month,19.4,No
59,Fiber optic,No,No,Month-to-month,88.75,No
10,Fiber optic,No,No,Month-to-month,70.1,Yes
35,Fiber optic,Yes,No,Month-to-month,91,No
4,DSL,No,No,Month-to-month,29.65,Yes
32,Fiber optic,Yes,No,One year,90.8,No
43,Fiber optic,No,No,Month-to-month,77.85,Yes
4,DSL,No,No,Month-to-month,54.3,Yes
54,No,No internet service,No internet service,Two year,18.95,No
11,Fiber optic,No,No,Month-to-month,95.15,Yes
66,Fiber optic,Yes,No,Two year,102.4,No
61,Fiber optic,No,No,One year,99.9,No
72,DSL,Yes,Yes,Two year,88.7,No
44,DSL,No,Yes,One year,54.3,No
41,DSL,No,No,Month-to-month,55.7,No
50,Fiber optic,Yes,No,One year,103.95,No
47,Fiber optic,Yes,Yes,One year,110.85,Yes
8,No,No internet service,No internet service,Two year,20.15,No
18,No,No internet service,No internet service,Month-to-month,20.05,No
72,DSL,Yes,Yes,Two year,91.95,No
1,Fiber optic,No,No,Month-to-month,80.5,Yes
42,DSL,No,No,Month-to-month,55.65,No
18,Fiber optic,No,No,Month-to-month,74.7,No
13,Fiber optic,No,No,One year,104.15,No
68,Fiber optic,No,Yes,One year,83.65,No
4,Fiber optic,No,No,Month-to-month,72.2,Yes
69,Fiber optic,Yes,No,Two year,110.05,No
17,DSL,No,Yes,Month-to-month,51.5,Yes
25,No,No internet service,No internet service,Two year,25.5,No
43,Fiber optic,No,No,Month-to-month,89.55,Yes
59,No,No internet service,No internet service,Two year,19.5,No
5,Fiber optic,Yes,No,Month-to-month,80.7,No
21,DSL,Yes,Yes,One year,77.5,Yes
69,Fiber optic,Yes,Yes,One year,105.1,No
13,DSL,No,No,Month-to-month,25.15,No
42,Fiber optic,No,No,Month-to-month,95.25,Yes
52,Fiber optic,No,Yes,Month-to-month,95.65,No
46,Fiber optic,Yes,No,Month-to-month,85,Yes
61,DSL,Yes,Yes,Two year,80.8,No
29,DSL,No,No,One year,24.85,No
25,DSL,No,Yes,One year,54.75,No
5,Fiber optic,No,Yes,Month-to-month,85.75,Yes
15,DSL,No,No,One year,50.75,No
19,No,No internet service,No internet service,Two year,20.15,No
44,No,No internet service,No internet service,Two year,20.05,No
6,Fiber optic,No,No,Month-to-month,98.25,Yes
58,DSL,Yes,Yes,Two year,71.6,No
62,Fiber optic,Yes,No,One year,81.45,No
70,DSL,No,Yes,One year,58.4,No
1,DSL,No,No,Month-to-month,25.7,Yes
10,DSL,Yes,Yes,Two year,53.7,No
26,No,No internet service,No internet service,One year,19.6,No
66,Fiber optic,No,No,Month-to-month,89.4,No
7,Fiber optic,No,No,Month-to-month,69,Yes
51,Fiber optic,No,Yes,One year,84.2,No
72,Fiber optic,Yes,Yes,Two year,106.1,No
65,No,No internet service,No internet service,Two year,25.75,No
2,DSL,No,No,Month-to-month,46.05,Yes
70,DSL,Yes,Yes,One year,64.95,No
72,DSL,No,Yes,Two year,85.45,No
1,No,No internet service,No internet service,Month-to-month,20.05,No
1,Fiber optic,No,No,Month-to-month,76.4,Yes
5,Fiber optic,No,No,Month-to-month,100.5,Yes
3,No,No internet service,No internet service,Month-to-month,20.7,No
58,No,No internet service,No internet service,Two year,25.3,No
22,DSL,Yes,No,Month-to-month,40.05,Yes
33,Fiber optic,No,No,Month-to-month,100.6,No
1,Fiber optic,No,No,Month-to-month,69.95,Yes
54,Fiber optic,No,No,Month-to-month,74,No
72,Fiber optic,No,No,Two year,99.4,No
1,Fiber optic,No,No,Month-to-month,93.3,Yes
3,DSL,No,No,Month-to-month,49.15,Yes
72,Fiber optic,Yes,Yes,Two year,107.45,No
72,DSL,Yes,No,Two year,83.6,No
54,Fiber optic,No,No,Month-to-month,99.05,No
59,DSL,No,Yes,One year,80.1,No
54,DSL,Yes,No,Two year,65.3,No
60,Fiber optic,No,No,Two year,89.55,No
60,DSL,No,Yes,Two year,60.8,No
3,Fiber optic,No,No,Month-to-month,74.5,No
69,Fiber optic,Yes,No,Two year,99.15,No
1,No,No internet service,No internet service,Month-to-month,19.25,No
50,DSL,Yes,No,Month-to-month,39.45,No
56,DSL,No,No,Month-to-month,44.85,No
60,Fiber optic,Yes,Yes,Two year,97.2,No
69,Fiber optic,Yes,Yes,One year,110.55,No
1,DSL,No,No,Month-to-month,35.05,Yes
1,Fiber optic,No,No,Month-to-month,73,Yes
3,No,No internet service,No internet service,Month-to-month,19.9,No
60,DSL,No,Yes,Two year,76.95,No
13,DSL,No,Yes,Two year,35.4,No
62,No,No internet service,No internet service,Two year,20.45,No
45,Fiber optic,Yes,No,One year,96.75,No
25,DSL,No,Yes,One year,54.2,No
44,Fiber optic,No,Yes,Two year,100.1,No
2,DSL,No,No,Month-to-month,45.25,No
33,Fiber optic,No,No,Month-to-month,83.85,Yes
1,Fiber optic,No,No,Month-to-month,70.1,Yes
22,No,No internet service,No internet service,One year,20.85,No
35,DSL,No,Yes,Month-to-month,33.45,No
29,No,No internet service,No internet service,Two year,20.2,No
27,Fiber optic,Yes,No,One year,85.9,No
54,DSL,No,Yes,One year,61,No
2,Fiber optic,No,No,Month-to-month,70.65,Yes
57,Fiber optic,No,No,One year,86.9,No
62,DSL,Yes,Yes,Two year,69.4,No
15,No,No internet service,No internet service,One year,20.35,No
2,No,No internet service,No internet service,Month-to-month,20.35,Yes
70,Fiber optic,No,Yes,Two year,104.3,No
21,DSL,No,No,Month-to-month,44.95,No
23,DSL,No,Yes,One year,49.45,No
6,No,No internet service,No internet service,One year,20.6,No
4,No,No internet service,No internet service,Two year,19.55,No
3,Fiber optic,Yes,No,Month-to-month,99,Yes
23,Fiber optic,No,No,Month-to-month,93.5,No
26,DSL,Yes,Yes,One year,54.55,No
8,No,No internet service,No internet service,Month-to-month,20.05,No
26,Fiber optic,No,No,Month-to-month,83.95,Yes
2,Fiber optic,No,No,Month-to-month,79.45,No
67,Fiber optic,Yes,Yes,Two year,116.2,Yes
71,Fiber optic,No,No,Two year,93.7,Yes
59,DSL,Yes,Yes,One year,79.85,No
39,Fiber optic,No,No,One year,100,No
21,No,No internet service,No internet service,Two year,19.6,No
1,No,No internet service,No internet service,Month-to-month,19.7,Yes
48,No,No internet service,No internet service,Two year,20.2,No
31,DSL,Yes,No,One year,50.4,No
64,Fiber optic,Yes,Yes,One year,113.35,No
46,Fiber optic,No,No,Month-to-month,80,No
52,DSL,No,Yes,Two year,80.95,No
67,No,No internet service,No internet service,Two year,24.9,No
67,DSL,No,No,Month-to-month,54.9,No
5,Fiber optic,No,No,Month-to-month,75.55,Yes
71,Fiber optic,No,Yes,Two year,109.25,No
9,Fiber optic,No,No,Month-to-month,77.65,Yes
26,Fiber optic,Yes,No,Month-to-month,95,Yes
71,Fiber optic,Yes,Yes,One year,116.3,No
32,No,No internet service,No internet service,Month-to-month,19.9,No
2,Fiber optic,No,No,Month-to-month,70.35,No
71,No,No internet service,No internet service,Two year,25.6,No
60,DSL,Yes,No,One year,44.45,No
55,Fiber optic,No,No,One year,100.15,No
54,Fiber optic,Yes,Yes,One year,105.4,Yes
2,Fiber optic,No,No,Month-to-month,95.85,Yes
6,Fiber optic,No,No,Month-to-month,73.85,No
48,DSL,Yes,No,Two year,70.1,No
63,No,No internet service,No internet service,Two year,25.25,No
1,Fiber optic,No,No,Month-to-month,79.15,Yes
12,No,No internet service,No internet service,Month-to-month,21.05,No
54,DSL,No,No,Month-to-month,24.95,No
30,DSL,No,Yes,One year,64.5,No
30,No,No internet service,No internet service,Month-to-month,19.65,Yes
4,Fiber optic,No,No,Month-to-month,79,Yes
40,Fiber optic,No,Yes,One year,105.95,No
9,Fiber optic,No,Yes,Month-to-month,75.85,No
17,Fiber optic,Yes,Yes,Month-to-month,91.85,Yes
62,DSL,No,No,Two year,43.6,No
28,Fiber optic,No,Yes,One year,91.25,No
70,DSL,Yes,Yes,Two year,89.75,No
46,Fiber optic,No,Yes,Two year,104.4,No
23,Fiber optic,No,No,Month-to-month,90.15,No
47,DSL,Yes,Yes,One year,40.3,No
68,Fiber optic,Yes,No,Two year,105.25,No
60,Fiber optic,No,Yes,One year,106,Yes
67,Fiber optic,No,Yes,Two year,104,No
14,DSL,No,Yes,Month-to-month,69.65,No
57,Fiber optic,No,No,Month-to-month,74.3,No
55,Fiber optic,Yes,No,One year,100.9,No
1,No,No internet service,No internet service,Month-to-month,20.25,No
1,DSL,No,Yes,Month-to-month,49.9,Yes
23,Fiber optic,No,Yes,Month-to-month,96.9,No
13,Fiber optic,Yes,No,Month-to-month,100.35,Yes
47,Fiber optic,No,No,Month-to-month,104.1,No
38,No,No internet service,No internet service,One year,20.1,No
38,Fiber optic,No,No,Month-to-month,74.95,Yes
2,DSL,No,No,Month-to-month,56.55,No
1,DSL,No,Yes,Month-to-month,49.25,Yes
15,Fiber optic,No,No,Month-to-month,68.6,No
26,Fiber optic,No,No,Month-to-month,69.05,No
35,No,No internet service,No internet service,Two year,19.7,No
3,No,No internet service,No internet service,Month-to-month,20.05,No
50,Fiber optic,No,Yes,Month-to-month,103.7,Yes
42,Fiber optic,Yes,No,Month-to-month,94.4,No
10,DSL,Yes,Yes,Month-to-month,54.95,No
61,Fiber optic,Yes,Yes,One year,93.7,No
68,Fiber optic,Yes,Yes,Two year,110.25,No
10,Fiber optic,Yes,No,One year,98.9,No
65,Fiber optic,Yes,No,One year,89.75,Yes
72,DSL,Yes,Yes,Two year,80.45,No
55,Fiber optic,No,Yes,Month-to-month,79.4,No
1,No,No internet service,No internet service,Month-to-month,20.3,Yes
7,DSL,No,Yes,Month-to-month,62.8,No
2,Fiber optic,No,No,Month-to-month,74.9,No
9,Fiber optic,Yes,No,Month-to-month,74.85,No
27,No,No internet service,No internet service,Two year,25.85,No
7,Fiber optic,No,No,Month-to-month,101.95,Yes
64,DSL,No,Yes,Two year,68.3,No
70,DSL,Yes,Yes,Two year,48.4,No
2,Fiber optic,No,No,Month-to-month,94,Yes
67,Fiber optic,Yes,Yes,Two year,105.05,No
45,Fiber optic,No,No,Month-to-month,89.3,Yes
24,No,No internet service,No internet service,Two year,25.15,No
4,No,No internet service,No internet service,Two year,19.5,No
44,Fiber optic,No,No,Month-to-month,92.95,No
72,No,No internet service,No internet service,Two year,20.7,No
1,Fiber optic,No,No,Month-to-month,74.3,Yes
66,No,No internet service,No internet service,Two year,19.35,No
1,DSL,No,Yes,Month-to-month,44.65,Yes
13,Fiber optic,Yes,No,Month-to-month,84.05,Yes
10,Fiber optic,No,No,Month-to-month,80.7,Yes
65,Fiber optic,No,No,Month-to-month,104.35,No
1,No,No internet service,No internet service,Month-to-month,19.55,No
38,DSL,Yes,Yes,One year,74.05,No
23,DSL,Yes,Yes,Two year,40.1,No
10,No,No internet service,No internet service,One year,20.1,No
4,Fiber optic,No,No,Month-to-month,101.7,Yes
72,DSL,Yes,Yes,Two year,83.55,No
35,DSL,No,Yes,Month-to-month,56.85,No
1,No,No internet service,No internet service,Month-to-month,20.4,Yes
58,No,No internet service,No internet service,Two year,19.55,No
70,Fiber optic,No,Yes,One year,106.15,No
38,DSL,No,No,One year,78.95,No
60,DSL,No,No,Month-to-month,49.75,No
26,Fiber optic,Yes,No,Month-to-month,92.4,No
8,DSL,Yes,Yes,One year,58.2,No
41,Fiber optic,No,Yes,One year,102.6,Yes
36,Fiber optic,No,No,Month-to-month,91.95,No
54,DSL,No,Yes,One year,65.25,No
71,Fiber optic,No,No,Two year,106,Yes
55,Fiber optic,No,No,Month-to-month,73.1,No
72,DSL,Yes,No,Two year,59.75,No
3,DSL,Yes,Yes,Month-to-month,55.1,Yes
54,DSL,No,No,Two year,59.8,No
72,Fiber optic,Yes,Yes,Two year,116.6,No
52,Fiber optic,Yes,Yes,Two year,109.3,No
60,Fiber optic,Yes,No,One year,101.4,No
39,DSL,No,No,Month-to-month,50.65,No
15,DSL,No,No,One year,56.15,No
69,Fiber optic,No,Yes,Two year,106.5,Yes
43,No,No internet service,No internet service,One year,19.2,No
63,DSL,Yes,Yes,One year,83,No
2,Fiber optic,No,No,Month-to-month,70.1,No
72,Fiber optic,Yes,Yes,Two year,108.3,No
32,Fiber optic,No,No,Month-to-month,91.05,Yes
40,No,No internet service,No internet service,Two year,25.25,No
58,DSL,Yes,No,One year,45.35,No
67,DSL,Yes,Yes,Two year,43.9,No
51,Fiber optic,Yes,No,Month-to-month,77.5,Yes
31,DSL,No,Yes,One year,79.3,No
69,Fiber optic,Yes,No,Month-to-month,84.9,No
32,Fiber optic,No,Yes,One year,79.25,No
21,DSL,Yes,Yes,Two year,71.05,No
52,DSL,Yes,No,One year,53.75,No
72,No,No internet service,No internet service,Two year,24.25,No
72,DSL,No,No,Two year,54.2,Yes
52,DSL,Yes,No,One year,44.25,No
41,DSL,No,Yes,One year,50.05,No
41,No,No internet service,No internet service,Two year,20.15,No
6,Fiber optic,No,No,Month-to-month,69.25,Yes
67,DSL,Yes,Yes,One year,69.35,No
16,No,No internet service,No internet service,Month-to-month,19.35,No
17,No,No internet service,No internet service,Two year,19.15,No
35,DSL,Yes,No,Month-to-month,61,No
58,No,No internet service,No internet service,Two year,20.5,No
1,DSL,No,No,Month-to-month,50.5,Yes
52,DSL,No,Yes,Two year,50.2,No
70,DSL,Yes,Yes,Two year,79.6,No
19,No,No internet service,No internet service,Two year,24.9,No
1,Fiber optic,No,No,Month-to-month,74.4,Yes
35,Fiber optic,Yes,Yes,Month-to-month,106.9,No
32,Fiber optic,No,No,Month-to-month,101.35,No
17,DSL,Yes,Yes,Month-to-month,55.35,No
67,DSL,No,No,One year,50.55,No
9,No,No internet service,No internet service,Month-to-month,19.5,No
31,DSL,No,Yes,One year,79.45,Yes
4,Fiber optic,Yes,No,Month-to-month,90.65,No
58,Fiber optic,Yes,Yes,One year,89.85,No
60,DSL,Yes,Yes,One year,79,No
58,Fiber optic,No,Yes,One year,104.65,Yes
1,No,No internet service,No internet service,Month-to-month,19.55,No
27,No,No internet service,No internet service,Two year,19.9,No
66,Fiber optic,Yes,Yes,One year,116.25,No
15,Fiber optic,Yes,No,Month-to-month,87.75,No
47,Fiber optic,No,No,Month-to-month,100.05,Yes
41,Fiber optic,Yes,No,Month-to-month,81.3,No
59,DSL,No,No,Month-to-month,44.3,No
50,Fiber optic,No,No,Two year,70.35,No
17,DSL,Yes,No,One year,44.45,No
6,DSL,Yes,No,Month-to-month,49.15,No
51,DSL,No,No,Month-to-month,29.45,No
44,Fiber optic,No,Yes,Month-to-month,100.55,Yes
49,Fiber optic,No,No,Month-to-month,85.3,No
2,Fiber optic,No,No,Month-to-month,95.65,Yes
59,DSL,Yes,Yes,One year,69.1,No
50,DSL,Yes,No,Month-to-month,70.35,No
59,No,No internet service,No internet service,Two year,20.6,No
18,Fiber optic,No,No,Month-to-month,74.15,No
10,Fiber optic,No,No,Month-to-month,75.05,No
14,DSL,No,No,One year,44.6,No
35,No,No internet service,No internet service,Two year,21.45,No
8,DSL,No,No,One year,43.45,No
18,No,No internet service,No internet service,One year,20.05,No
60,Fiber optic,Yes,No,One year,94.15,No
1,Fiber optic,No,No,Month-to-month,94.4,Yes
6,No,No internet service,No internet service,Two year,19.55,No
19,DSL,Yes,Yes,Month-to-month,75.9,No
53,DSL,Yes,Yes,One year,64.15,No
72,Fiber optic,Yes,No,Two year,109.55,No
60,Fiber optic,No,Yes,Two year,110.8,No
1,DSL,No,No,Month-to-month,55,Yes
13,DSL,No,Yes,Month-to-month,53.45,No
5,Fiber optic,No,No,Month-to-month,69.95,No
1,Fiber optic,No,No,Month-to-month,101.45,Yes
13,Fiber optic,No,No,Month-to-month,97,No
37,DSL,Yes,Yes,One year,90.6,No
64,Fiber optic,Yes,No,Month-to-month,73.55,No
5,DSL,No,Yes,Month-to-month,67.95,Yes
61,Fiber optic,No,Yes,Two year,94.35,No
1,Fiber optic,No,No,Month-to-month,69.5,Yes
1,No,No internet service,No internet service,Month-to-month,18.85,Yes
26,No,No internet service,No internet service,One year,19.4,No
1,Fiber optic,No,No,Month-to-month,69.2,Yes
24,No,No internet service,No internet service,Two year,19.75,No
17,DSL,No,Yes,One year,54.6,No
26,DSL,No,No,Month-to-month,29.8,No
1,Fiber optic,No,No,Month-to-month,69.65,Yes
40,Fiber optic,Yes,No,Month-to-month,101.85,Yes
52,Fiber optic,No,No,Month-to-month,103.05,No
1,Fiber optic,No,No,Month-to-month,82.3,Yes
1,No,No internet service,No internet service,Month-to-month,20.3,No
21,DSL,Yes,Yes,Two year,35.1,No
67,Fiber optic,No,No,One year,105.7,No
44,DSL,Yes,Yes,Month-to-month,56.25,No
70,DSL,No,Yes,One year,60.35,No
3,Fiber optic,No,No,Month-to-month,79.25,Yes
56,DSL,Yes,No,Two year,59.8,No
13,Fiber optic,No,No,Month-to-month,84.6,Yes
58,Fiber optic,Yes,No,Month-to-month,93.4,Yes
42,Fiber optic,No,No,Month-to-month,94.2,Yes
1,DSL,No,No,Month-to-month,25.05,Yes
46,Fiber optic,Yes,Yes,Two year,99.65,No
63,DSL,Yes,No,Two year,50.65,No
11,DSL,No,Yes,Month-to-month,60.9,No
15,DSL,No,Yes,Month-to-month,59.65,No
72,DSL,Yes,Yes,Two year,64.7,No
29,DSL,No,No,Month-to-month,25.1,Yes
1,DSL,No,No,Month-to-month,48.95,Yes
6,DSL,No,No,Month-to-month,54.85,No
1,DSL,No,No,Month-to-month,45.3,Yes
63,Fiber optic,No,No,One year,91.35,No
2,Fiber optic,No,No,Month-to-month,85.85,Yes
18,No,No internet service,No internet service,Two year,25.1,No
43,DSL,Yes,Yes,Month-to-month,34,No
15,DSL,Yes,Yes,One year,45.9,No
10,Fiber optic,No,No,Month-to-month,95.2,Yes
55,No,No internet service,No internet service,Two year,20.5,No
49,Fiber optic,No,Yes,One year,100.6,Yes
6,DSL,No,No,Month-to-month,55.3,Yes
70,No,No internet service,No internet service,Two year,20.35,No
2,Fiber optic,No,No,Month-to-month,74.85,Yes
63,DSL,Yes,Yes,One year,36.1,No
25,DSL,No,Yes,Month-to-month,65.8,No
18,No,No internet service,No internet service,One year,20.35,No
28,Fiber optic,No,Yes,Month-to-month,105.8,No
53,Fiber optic,Yes,Yes,One year,96.75,No
35,Fiber optic,No,No,One year,102.35,Yes
1,DSL,No,No,Month-to-month,24.4,No
70,Fiber optic,Yes,Yes,One year,115.65,Yes
2,Fiber optic,No,Yes,Month-to-month,79.85,Yes
26,DSL,No,Yes,Month-to-month,73.05,No
34,DSL,Yes,No,One year,64.35,No
19,No,No internet service,No internet service,Two year,20.5,No
15,Fiber optic,No,No,Month-to-month,76,Yes
62,DSL,Yes,No,One year,54.75,No
42,Fiber optic,No,No,Month-to-month,104.75,Yes
9,DSL,Yes,No,Month-to-month,74.65,Yes
24,DSL,Yes,No,Month-to-month,51.15,No
68,DSL,Yes,No,Two year,41.95,No
31,DSL,No,Yes,Month-to-month,54.35,No
1,DSL,No,No,Month-to-month,56.25,Yes
21,Fiber optic,No,Yes,Month-to-month,106.1,Yes
63,Fiber optic,No,No,One year,96,No
2,Fiber optic,No,No,Month-to-month,79.75,Yes
61,DSL,No,Yes,Two year,61.45,No
1,Fiber optic,No,No,Month-to-month,68.65,Yes
18,No,No internet service,No internet service,One year,19.65,No
6,No,No internet service,No internet service,One year,19,No
33,Fiber optic,No,No,Month-to-month,100,No
16,No,No internet service,No internet service,Month-to-month,20.25,Yes
56,Fiber optic,No,Yes,Month-to-month,98.7,No
23,No,No internet service,No internet service,One year,19.8,No
9,Fiber optic,No,No,Month-to-month,73.8,No
14,Fiber optic,No,No,Month-to-month,100.2,Yes
15,Fiber optic,No,No,Month-to-month,74.9,Yes
5,No,No internet service,No internet service,Month-to-month,20.05,No
61,Fiber optic,Yes,No,Month-to-month,106.2,No
70,Fiber optic,Yes,Yes,Two year,116.55,No
15,Fiber optic,Yes,No,Month-to-month,99.7,No
8,No,No internet service,No internet service,Two year,19.7,No
8,No,No internet service,No internet service,Two year,19.5,No
4,DSL,Yes,No,Month-to-month,29.15,No
34,DSL,Yes,No,One year,55,No
68,DSL,Yes,Yes,Two year,90.8,No
45,DSL,No,Yes,One year,51,No
9,Fiber optic,No,No,Month-to-month,90.1,No
22,DSL,Yes,Yes,Month-to-month,59.05,No
2,No,No internet service,No internet service,Month-to-month,20.3,No
70,DSL,No,Yes,Two year,72.95,No
10,DSL,Yes,Yes,One year,73.55,No
72,DSL,Yes,Yes,Two year,84.3,No
49,DSL,No,No,One year,78,No
54,DSL,No,Yes,One year,72.1,No
71,Fiber optic,Yes,No,Two year,106.75,No
22,No,No internet service,No internet service,One year,19.25,No
50,No,No internet service,No internet service,Two year,20.55,No
43,No,No internet service,No internet service,One year,20,No
45,No,No internet service,No internet service,Two year,24.65,No
64,Fiber optic,Yes,No,Month-to-month,103.5,No
23,No,No internet service,No internet service,Two year,23.85,No
68,No,No internet service,No internet service,Two year,25.8,No
1,Fiber optic,No,No,Month-to-month,70.85,Yes
2,Fiber optic,No,No,Month-to-month,69.8,Yes
26,DSL,No,Yes,One year,59.45,No
55,DSL,No,Yes,Month-to-month,54.55,Yes
14,No,No internet service,No internet service,Month-to-month,20.05,No
71,DSL,Yes,Yes,Two year,82.55,No
64,DSL,Yes,Yes,One year,81.25,No
7,DSL,No,Yes,Month-to-month,70.75,Yes
57,DSL,Yes,Yes,Two year,74.3,No
13,Fiber optic,No,No,Month-to-month,94.1,Yes
3,DSL,Yes,No,Month-to-month,29.7,Yes
72,Fiber optic,No,Yes,Two year,109.7,No
40,Fiber optic,No,No,Month-to-month,96.35,No
14,DSL,No,Yes,Month-to-month,66.6,No
2,DSL,No,No,Month-to-month,44.5,No
66,Fiber optic,No,Yes,One year,110.9,Yes
38,Fiber optic,No,Yes,Month-to-month,105,Yes
1,DSL,No,No,Month-to-month,25.3,Yes
22,DSL,No,Yes,One year,55.15,Yes
1,No,No internet service,No internet service,Month-to-month,20.1,Yes
5,Fiber optic,No,No,Month-to-month,80.1,No
29,DSL,Yes,Yes,One year,69.05,No
1,Fiber optic,No,No,Month-to-month,69.9,Yes
3,No,No internet service,No internet service,Month-to-month,20.4,No
71,No,No internet service,No internet service,Two year,19.7,No
9,DSL,No,No,Month-to-month,50.1,No
43,Fiber optic,No,No,Month-to-month,101.4,Yes
48,DSL,Yes,No,One year,83.45,No
26,Fiber optic,Yes,No,Month-to-month,86.65,No
9,No,No internet service,No internet service,Month-to-month,20.15,No
1,Fiber optic,No,No,Month-to-month,80.8,Yes
46,No,No internet service,No internet service,Two year,19.4,No
2,DSL,No,No,Month-to-month,62.05,Yes
1,Fiber optic,No,No,Month-to-month,76.45,Yes
64,DSL,Yes,Yes,Two year,60.05,No
12,Fiber optic,No,No,Month-to-month,91.3,Yes
6,Fiber optic,No,No,Month-to-month,95.75,Yes
59,No,No internet service,No internet service,One year,20.35,No
7,Fiber optic,No,No,One year,94.05,No
72,DSL,Yes,No,Two year,84.1,No
16,Fiber optic,No,No,Month-to-month,78.75,No
25,DSL,No,No,Month-to-month,55.55,No
34,DSL,Yes,Yes,Month-to-month,62.65,Yes
1,Fiber optic,No,No,Month-to-month,74.5,Yes
10,Fiber optic,No,No,Month-to-month,102.1,Yes
24,No,No internet service,No internet service,One year,20.1,No
10,DSL,Yes,No,One year,70.3,No
69,DSL,Yes,No,One year,53.65,No
57,No,No internet service,No internet service,Two year,20.75,No
50,Fiber optic,No,Yes,One year,103.4,No
28,DSL,Yes,Yes,One year,50.8,No
16,DSL,Yes,No,Month-to-month,50.15,Yes
25,DSL,Yes,Yes,Month-to-month,79,No
3,Fiber optic,No,No,Month-to-month,74.6,No
61,Fiber optic,No,No,One year,96.5,No
2,No,No internet service,No internet service,Month-to-month,20.1,No
51,No,No internet service,No internet service,One year,19.4,No
71,DSL,Yes,No,Two year,77.55,No
20,No,No internet service,No internet service,Month-to-month,20.05,No
6,No,No internet service,No internet service,Month-to-month,19.85,No
6,No,No internet service,No internet service,Month-to-month,20.2,No
29,DSL,Yes,Yes,Month-to-month,67.45,No
36,No,No internet service,No internet service,Two year,18.55,No
28,DSL,No,No,Month-to-month,29.75,No
7,Fiber optic,No,No,Month-to-month,86.5,Yes
63,No,No internet service,No internet service,Two year,24.2,No
48,No,No internet service,No internet service,Two year,23.55,No
49,No,No internet service,No internet service,One year,20.45,No
27,Fiber optic,No,No,Month-to-month,81.45,Yes
72,DSL,Yes,Yes,Two year,92.3,No
1,Fiber optic,No,No,Month-to-month,69.15,Yes
72,DSL,No,Yes,Two year,53.65,No
47,DSL,Yes,Yes,One year,39.65,No
1,DSL,No,No,Month-to-month,54.65,No
36,Fiber optic,No,No,One year,104.8,No
43,DSL,No,No,Month-to-month,29.3,No
27,DSL,No,Yes,Month-to-month,83.85,No
9,Fiber optic,No,No,Month-to-month,79.55,Yes
38,Fiber optic,No,Yes,Month-to-month,103.65,No
35,Fiber optic,Yes,No,Month-to-month,99.05,No
0,DSL,No,Yes,Two year,73.35,No
59,Fiber optic,No,Yes,Two year,100.05,No
27,No,No internet service,No internet service,Two year,20.35,No
2,DSL,No,No,Month-to-month,43.95,No
7,No,No internet service,No internet service,Month-to-month,23.5,No
36,DSL,No,Yes,One year,70.7,No
41,Fiber optic,Yes,No,Month-to-month,94.3,No
13,DSL,No,No,Month-to-month,29.15,No
19,No,No internet service,No internet service,Two year,20.85,No
60,DSL,Yes,Yes,Two year,37.7,No
48,Fiber optic,No,Yes,Two year,95.5,Yes
3,Fiber optic,No,No,Month-to-month,91.05,Yes
69,Fiber optic,No,Yes,Two year,92.45,No
43,DSL,No,Yes,One year,44.15,No
11,DSL,Yes,Yes,One year,36.05,No
45,DSL,No,No,Month-to-month,50.25,No
72,Fiber optic,No,Yes,Two year,109.75,No
2,Fiber optic,No,No,Month-to-month,79.2,Yes
12,No,No internet service,No internet service,Two year,20.3,No
67,Fiber optic,No,Yes,One year,112.35,No
37,Fiber optic,No,Yes,Two year,94.3,No
39,DSL,Yes,Yes,One year,41.15,No
41,DSL,Yes,Yes,Month-to-month,74.65,No
25,DSL,No,No,Month-to-month,48.25,No
8,DSL,Yes,Yes,Two year,76.15,No
71,DSL,Yes,Yes,Two year,71.1,No
5,Fiber optic,No,No,Month-to-month,96.55,No
30,DSL,Yes,No,One year,79.3,No
40,Fiber optic,No,Yes,One year,89.6,No
54,No,No internet service,No internet service,Two year,20.5,No
72,Fiber optic,No,No,Two year,106.3,No
28,Fiber optic,No,No,One year,100.35,No
18,Fiber optic,No,Yes,Month-to-month,85.6,No
2,DSL,No,No,Month-to-month,45.25,Yes
59,Fiber optic,No,No,One year,106.15,No
22,DSL,No,Yes,Month-to-month,51.1,No
1,No,No internet service,No internet service,Month-to-month,19.9,No
72,No,No internet service,No internet service,Two year,25.7,No
14,Fiber optic,No,No,Month-to-month,74.3,Yes
50,Fiber optic,No,Yes,One year,99.4,No
48,DSL,Yes,Yes,One year,69.7,No
49,Fiber optic,No,No,Month-to-month,98.35,No
28,Fiber optic,No,No,Month-to-month,85.45,No
68,Fiber optic,No,No,Month-to-month,95.9,No
13,Fiber optic,No,Yes,Month-to-month,100.75,No
11,Fiber optic,No,No,Month-to-month,89.2,No
3,Fiber optic,No,No,Month-to-month,74.1,Yes
57,Fiber optic,No,No,Month-to-month,100.6,Yes
3,Fiber optic,No,No,Month-to-month,75,Yes
72,No,No internet service,No internet service,Two year,25.75,No
70,DSL,No,Yes,Two year,84.1,No
49,DSL,No,Yes,Two year,79.3,No
67,Fiber optic,Yes,No,One year,107.05,No
46,No,No internet service,No internet service,Two year,20.05,No
64,DSL,Yes,Yes,Two year,70.2,Yes
37,No,No internet service,No internet service,Month-to-month,19.5,No
2,Fiber optic,No,No,Month-to-month,70.75,Yes
13,DSL,No,No,Month-to-month,45.3,No
72,Fiber optic,Yes,Yes,Two year,115.15,No
68,DSL,No,Yes,Two year,72.95,No
15,No,No internet service,No internet service,One year,19.65,No
24,No,No internet service,No internet service,Two year,19.55,No
24,Fiber optic,No,Yes,Month-to-month,89.55,No
27,DSL,Yes,No,Month-to-month,50.35,No
12,DSL,No,Yes,Month-to-month,50.25,Yes
71,DSL,Yes,Yes,Two year,87.25,No
67,No,No internet service,No internet service,Two year,20.8,No
63,Fiber optic,No,Yes,Two year,109.25,No
1,No,No internet service,No internet service,Month-to-month,20.35,No
4,DSL,No,No,Month-to-month,55.9,No
40,Fiber optic,Yes,No,Month-to-month,79.2,Yes
12,Fiber optic,No,No,Month-to-month,96,Yes
52,DSL,Yes,No,Two year,79.2,No
10,No,No internet service,No internet service,Month-to-month,24,No
68,Fiber optic,Yes,No,One year,101.35,No
54,Fiber optic,No,Yes,Month-to-month,100.1,Yes
4,DSL,No,Yes,Month-to-month,56.5,Yes
52,DSL,Yes,No,One year,35.45,No
1,Fiber optic,No,No,Month-to-month,85,Yes
70,DSL,Yes,Yes,One year,79.4,No
43,DSL,Yes,No,One year,35.2,No
52,No,No internet service,No internet service,Two year,19.65,No
12,DSL,Yes,Yes,Two year,49.85,No
56,DSL,Yes,No,One year,68.75,No
0,DSL,Yes,Yes,Two year,61.9,No
42,Fiber optic,No,No,Month-to-month,79.9,No
22,Fiber optic,No,No,Month-to-month,89.75,No
51,DSL,Yes,No,One year,59.3,Yes
27,No,No internet service,No internet service,Month-to-month,19.4,No
51,Fiber optic,Yes,No,One year,93.65,No
4,DSL,Yes,No,Month-to-month,49.4,Yes
1,No,No internet service,No internet service,Month-to-month,19.9,No
35,DSL,No,No,Month-to-month,55,Yes
71,DSL,No,Yes,One year,72.9,No
1,Fiber optic,No,No,Month-to-month,69.2,Yes
69,No,No internet service,No internet service,Two year,25.6,No
14,No,No internet service,No internet service,One year,19.75,No
57,DSL,Yes,Yes,Month-to-month,55.7,No
72,Fiber optic,Yes,Yes,Two year,117.5,No
48,No,No internet service,No internet service,Two year,19.85,No
4,Fiber optic,No,No,Month-to-month,78.9,No
31,No,No internet service,No internet service,Month-to-month,20.65,No
38,DSL,No,Yes,One year,62.3,Yes
37,Fiber optic,No,No,Month-to-month,92.5,Yes
1,No,No internet service,No internet service,Month-to-month,19.65,No
57,DSL,No,No,Two year,79.75,No
62,DSL,Yes,Yes,Two year,79.95,No
3,DSL,No,Yes,Month-to-month,29.9,No
72,No,No internet service,No internet service,Two year,19.75,No
29,DSL,Yes,Yes,Month-to-month,45,No
13,DSL,No,No,Month-to-month,44.8,No
3,Fiber optic,No,No,Month-to-month,69.65,Yes
11,DSL,No,No,Month-to-month,51.1,No
21,DSL,Yes,Yes,Two year,53.15,No
19,No,No internet service,No internet service,Month-to-month,24.7,No
61,Fiber optic,Yes,Yes,Two year,111.6,Yes
11,DSL,Yes,No,Month-to-month,48.55,Yes
35,Fiber optic,No,Yes,Month-to-month,109.95,No
25,No,No internet service,No internet service,Month-to-month,20.8,No
1,No,No internet service,No internet service,Month-to-month,20.2,Yes
67,No,No internet service,No internet service,Two year,25.6,No
19,DSL,No,No,Month-to-month,39.65,Yes
56,No,No internet service,No internet service,One year,24.9,Yes
72,Fiber optic,Yes,No,Two year,108.4,No
43,No,No internet service,No internet service,Two year,19.55,No
55,Fiber optic,Yes,No,Month-to-month,85.1,No
2,DSL,Yes,No,Month-to-month,56.7,Yes
27,Fiber optic,No,No,Month-to-month,69.05,No
13,Fiber optic,No,No,Month-to-month,70.15,No
70,Fiber optic,Yes,No,Two year,111.15,No
14,Fiber optic,Yes,Yes,One year,105.95,Yes
19,Fiber optic,No,Yes,One year,89.35,No
20,Fiber optic,Yes,No,Month-to-month,89.1,No
43,Fiber optic,Yes,Yes,One year,91.25,No
5,Fiber optic,Yes,No,Month-to-month,90.35,No
70,Fiber optic,No,Yes,One year,105.55,No
40,No,No internet service,No internet service,Two year,19.1,No
6,No,No internet service,No internet service,Two year,20.4,No
39,Fiber optic,Yes,No,Two year,100.45,No
4,Fiber optic,No,No,Month-to-month,74.95,Yes
15,DSL,No,Yes,Month-to-month,29.7,Yes
1,DSL,No,No,Month-to-month,50.35,Yes
45,Fiber optic,Yes,Yes,Month-to-month,85.7,No
64,DSL,Yes,Yes,Two year,47.85,Yes
57,Fiber optic,No,No,Month-to-month,94,No
72,DSL,Yes,Yes,Two year,69.85,No
1,Fiber optic,No,No,Month-to-month,70.3,Yes
72,No,No internet service,No internet service,Two year,25.85,No
3,DSL,Yes,Yes,Two year,71.1,No
55,Fiber optic,Yes,No,Month-to-month,98.8,Yes
59,Fiber optic,No,Yes,Month-to-month,93.35,No
18,Fiber optic,No,Yes,Month-to-month,99.85,Yes
32,Fiber optic,No,No,Month-to-month,80.3,Yes
4,DSL,Yes,No,Month-to-month,50.55,No
66,Fiber optic,No,No,Month-to-month,80.45,Yes
27,Fiber optic,No,No,Month-to-month,81.3,No
4,No,No internet service,No internet service,Month-to-month,20.7,No
60,DSL,Yes,Yes,Month-to-month,79.05,No
8,No,No internet service,No internet service,Two year,19.05,No
8,No,No internet service,No internet service,Two year,19.6,No
35,No,No internet service,No internet service,Two year,20.2,No
7,Fiber optic,No,No,Month-to-month,86.8,Yes
53,No,No internet service,No internet service,Two year,20.9,No
18,Fiber optic,No,Yes,Month-to-month,103.6,No
15,DSL,No,No,Two year,38.8,No
67,Fiber optic,No,No,One year,88.4,No
6,Fiber optic,No,No,Month-to-month,84.2,Yes
6,Fiber optic,No,No,Month-to-month,79.7,No
13,Fiber optic,No,Yes,Month-to-month,99,Yes
11,Fiber optic,No,No,Month-to-month,100.75,Yes
1,No,No internet service,No internet service,Month-to-month,19.3,No
5,DSL,Yes,Yes,Month-to-month,55.75,No
13,No,No internet service,No internet service,One year,19.95,No
9,Fiber optic,Yes,No,Month-to-month,91.75,Yes
29,Fiber optic,No,Yes,Month-to-month,89.65,No
1,DSL,No,No,Month-to-month,45.85,No
1,Fiber optic,No,No,Month-to-month,79.55,Yes
18,DSL,No,No,Month-to-month,55.95,No
2,DSL,No,No,Month-to-month,69,No
30,Fiber optic,No,Yes,Month-to-month,83.55,No
66,DSL,Yes,Yes,Two year,65.7,No
38,Fiber optic,No,Yes,Two year,94.9,No
44,DSL,No,Yes,Month-to-month,61.9,No
54,Fiber optic,No,Yes,Month-to-month,111.1,Yes
2,No,No internet service,No internet service,Month-to-month,20,No
42,DSL,Yes,Yes,One year,67.7,No
58,No,No internet service,No internet service,Two year,25.15,No
58,Fiber optic,No,No,Month-to-month,92.85,No
25,Fiber optic,No,No,Month-to-month,89.1,Yes
71,Fiber optic,Yes,Yes,Two year,111.3,No
37,Fiber optic,No,No,Month-to-month,101.9,Yes
14,Fiber optic,No,Yes,Month-to-month,91.65,Yes
4,Fiber optic,No,No,Month-to-month,88.85,Yes
48,DSL,Yes,Yes,One year,60.6,No
3,DSL,No,No,Month-to-month,25.3,Yes
8,DSL,Yes,Yes,Two year,65.5,No
1,Fiber optic,No,No,Month-to-month,95.45,Yes
67,No,No internet service,No internet service,Two year,19.95,No
13,Fiber optic,No,No,Month-to-month,91.1,Yes
45,DSL,No,Yes,One year,54.15,Yes
49,Fiber optic,No,No,Month-to-month,74.6,No
52,Fiber optic,No,No,Month-to-month,94.6,No
63,Fiber optic,Yes,No,One year,81.15,No
68,DSL,Yes,Yes,Two year,89.05,No
31,DSL,No,Yes,Month-to-month,49.2,No
64,No,No internet service,No internet service,Two year,19.45,No
62,Fiber optic,Yes,Yes,One year,104.3,No
1,Fiber optic,No,No,Month-to-month,69.7,Yes
6,Fiber optic,No,No,Month-to-month,89.5,Yes
21,Fiber optic,No,Yes,Month-to-month,86.05,No
72,No,No internet service,No internet service,Two year,25.2,No
32,DSL,Yes,No,Month-to-month,35.15,No
71,Fiber optic,Yes,Yes,One year,99.65,No
34,Fiber optic,Yes,No,Month-to-month,105.35,No
3,DSL,No,No,Month-to-month,35.15,Yes
12,Fiber optic,No,No,Month-to-month,73.75,Yes
8,Fiber optic,No,No,Month-to-month,101.35,Yes
35,No,No internet service,No internet service,Two year,24.3,No
3,Fiber optic,No,No,Month-to-month,80.7,No
3,Fiber optic,No,Yes,Month-to-month,89.85,No
53,DSL,No,No,One year,61.1,No
4,DSL,Yes,No,Month-to-month,29.05,No
48,Fiber optic,Yes,No,One year,99.7,No
6,DSL,Yes,No,Month-to-month,55.9,Yes
3,Fiber optic,No,No,Month-to-month,105.9,Yes
54,DSL,No,Yes,Two year,46,No
1,DSL,No,No,Month-to-month,43.95,Yes
62,DSL,No,Yes,Month-to-month,80.4,No
22,Fiber optic,No,No,One year,100.05,No
1,DSL,No,No,Month-to-month,45.1,Yes
51,Fiber optic,No,No,One year,94,No
30,DSL,No,No,One year,68.95,No
56,DSL,Yes,Yes,One year,68.45,No
35,DSL,No,Yes,One year,69,No
64,DSL,No,Yes,Month-to-month,43.85,No
30,DSL,No,No,Month-to-month,44.5,No
25,No,No internet service,No internet service,Two year,18.7,No
41,Fiber optic,No,No,Month-to-month,70.25,Yes
9,DSL,No,No,Month-to-month,55.35,Yes
1,DSL,Yes,No,Month-to-month,53.55,No
70,Fiber optic,Yes,Yes,Two year,114.6,No
57,No,No internet service,No internet service,Two year,20.1,No
9,Fiber optic,No,No,Month-to-month,85.5,No
69,Fiber optic,No,Yes,One year,108.75,No
43,Fiber optic,No,No,Month-to-month,103,Yes
72,Fiber optic,No,No,Two year,97.85,No
44,No,No internet service,No internet service,Two year,19.55,No
72,Fiber optic,Yes,No,Two year,84.05,No
33,Fiber optic,Yes,Yes,One year,103.75,Yes
54,Fiber optic,No,No,Month-to-month,89.4,No
27,No,No internet service,No internet service,Two year,19.7,No
54,Fiber optic,No,No,Month-to-month,79.85,No
3,Fiber optic,No,No,Month-to-month,74.45,No
53,DSL,Yes,No,One year,74.1,No
1,Fiber optic,No,No,Month-to-month,69.35,Yes
15,No,No internet service,No internet service,One year,18.8,No
56,Fiber optic,No,No,Month-to-month,73.85,Yes
5,DSL,Yes,Yes,Month-to-month,64.4,No
48,DSL,No,No,One year,55.8,No
25,No,No internet service,No internet service,Month-to-month,20.05,No
3,Fiber optic,No,No,Month-to-month,75.15,Yes
58,Fiber optic,Yes,No,One year,99.15,No
10,DSL,No,No,Month-to-month,56.75,No
1,Fiber optic,No,No,Month-to-month,69.6,Yes
71,Fiber optic,No,Yes,Two year,104.15,No
65,Fiber optic,No,Yes,Two year,110.8,No
5,Fiber optic,No,No,Month-to-month,80.15,Yes
28,DSL,No,Yes,Month-to-month,35.75,No
67,DSL,No,Yes,Two year,69.9,No
35,Fiber optic,Yes,Yes,One year,89.2,No
72,DSL,Yes,Yes,Two year,55.65,No
61,DSL,Yes,Yes,One year,50.7,No
68,No,No internet service,No internet service,Two year,20,No
1,DSL,Yes,No,Month-to-month,30.5,Yes
3,No,No internet service,No internet service,Month-to-month,19.1,No
70,Fiber optic,No,No,Two year,98.3,Yes
48,DSL,No,No,Month-to-month,45.55,No
68,Fiber optic,No,No,One year,101.05,No
47,Fiber optic,Yes,Yes,One year,103.7,No
32,DSL,No,Yes,One year,36.25,No
5,DSL,Yes,No,Month-to-month,49.4,No
49,No,No internet service,No internet service,Two year,19.9,No
48,Fiber optic,No,No,Month-to-month,107.4,Yes
13,Fiber optic,No,No,Month-to-month,82,Yes
15,No,No internet service,No internet service,Month-to-month,19.8,No
12,DSL,No,No,Month-to-month,45.05,No
67,DSL,Yes,Yes,Two year,64.55,No
9,Fiber optic,No,Yes,Month-to-month,86.25,No
13,No,No internet service,No internet service,Two year,19.75,No
38,Fiber optic,No,No,One year,89.1,No
42,Fiber optic,No,No,Month-to-month,95.55,No
24,Fiber optic,No,No,Month-to-month,75.4,Yes
27,Fiber optic,Yes,No,Month-to-month,101.25,Yes
9,Fiber optic,No,No,Month-to-month,102.6,No
49,DSL,No,Yes,One year,56.3,No
61,Fiber optic,Yes,Yes,Month-to-month,94.2,No
50,DSL,Yes,No,One year,43.05,No
25,Fiber optic,No,No,Month-to-month,89.5,Yes
22,Fiber optic,No,No,Month-to-month,74.4,Yes
1,No,No internet service,No internet service,Month-to-month,20.5,Yes
4,Fiber optic,No,No,Month-to-month,74.35,Yes
18,Fiber optic,No,Yes,Month-to-month,99.75,Yes
56,Fiber optic,No,Yes,One year,111.95,Yes
53,Fiber optic,No,Yes,One year,94,No
51,Fiber optic,No,No,One year,98.85,No
24,DSL,Yes,No,Two year,64.35,No
62,DSL,Yes,No,Two year,72,No
24,DSL,No,No,Month-to-month,49.7,No
70,DSL,Yes,Yes,Two year,80.7,No
1,DSL,No,No,Month-to-month,24.2,No
16,DSL,No,No,Month-to-month,39,Yes
8,DSL,No,Yes,Month-to-month,65.45,No
72,DSL,Yes,Yes,Two year,74.35,No
23,Fiber optic,No,Yes,Month-to-month,83.2,No
31,DSL,No,No,Month-to-month,25,No
37,DSL,Yes,Yes,One year,40.2,No
30,Fiber optic,No,Yes,Month-to-month,94.1,Yes
35,Fiber optic,Yes,No,One year,108.35,No
23,DSL,No,Yes,Month-to-month,69.5,No
20,DSL,Yes,No,One year,76,No
36,Fiber optic,Yes,No,Month-to-month,93.6,No
8,Fiber optic,No,No,Month-to-month,95.65,Yes
71,Fiber optic,No,No,One year,100.55,No
50,Fiber optic,No,No,Month-to-month,88.05,Yes
43,No,No internet service,No internet service,One year,24.45,No
57,DSL,Yes,Yes,Two year,89.55,No
41,DSL,No,Yes,One year,66.5,Yes
27,Fiber optic,No,No,Month-to-month,76.1,No
13,Fiber optic,No,No,Month-to-month,80.5,No
3,DSL,Yes,No,Month-to-month,35.45,Yes
67,No,No internet service,No internet service,One year,20.55,No
3,DSL,No,No,Month-to-month,49.9,Yes
64,Fiber optic,No,Yes,Two year,105.4,No
26,DSL,No,Yes,Month-to-month,35.75,No
38,Fiber optic,No,No,Month-to-month,95.1,No
23,No,No internet service,No internet service,One year,19.3,No
40,Fiber optic,No,No,Month-to-month,104.5,Yes
72,DSL,Yes,Yes,Two year,63.1,No
3,Fiber optic,No,No,Month-to-month,75.05,Yes
23,Fiber optic,No,No,Month-to-month,81,Yes
1,Fiber optic,No,No,Month-to-month,74.45,Yes
4,DSL,Yes,Yes,Month-to-month,60.4,Yes
62,DSL,Yes,Yes,Two year,84.95,No
40,Fiber optic,No,No,Month-to-month,93.4,No
41,Fiber optic,No,No,Month-to-month,89.2,No
34,Fiber optic,No,No,Month-to-month,85.2,No
1,DSL,No,No,Month-to-month,49.95,No
51,No,No internet service,No internet service,Two year,20.65,No
1,Fiber optic,No,No,Month-to-month,70.65,Yes
39,No,No internet service,No internet service,Two year,20.15,No
12,No,No internet service,No internet service,Month-to-month,19.2,No
12,DSL,No,Yes,One year,59.8,Yes
72,Fiber optic,No,No,One year,104.95,No
63,Fiber optic,No,No,Month-to-month,103.5,No
44,Fiber optic,Yes,No,Month-to-month,84.8,No
18,Fiber optic,No,Yes,Month-to-month,95.05,No
9,DSL,No,No,Month-to-month,44.2,Yes
13,DSL,No,Yes,Month-to-month,73.35,No
68,DSL,No,Yes,Two year,64.1,No
6,DSL,No,No,Month-to-month,44.4,No
2,No,No internet service,No internet service,Month-to-month,20.05,No
55,DSL,Yes,No,One year,60,No
1,Fiber optic,No,No,Month-to-month,75.75,Yes
38,Fiber optic,No,No,Month-to-month,69.5,No
67,Fiber optic,Yes,No,Month-to-month,102.95,Yes
19,Fiber optic,No,No,Month-to-month,78.7,No
12,DSL,No,Yes,One year,60.65,No
72,No,No internet service,No internet service,Two year,21.15,No
24,DSL,Yes,Yes,One year,84.8,No
72,Fiber optic,No,No,One year,103.2,No
11,DSL,Yes,No,Month-to-month,29.6,No
4,Fiber optic,No,No,Month-to-month,74.4,Yes
66,Fiber optic,Yes,Yes,Two year,105.65,No
